Source,Target,Predicted
amkamlo,అంకంలో,అంకంలో
ankamlo,అంకంలో,అంకంలో
ankamloo,అంకంలో,అంకంలో
amkitamai,అంకితమై,అంకితమై
ankitamai,అంకితమై,అంకితమై
ankela,అంకెల,అంకెల
ankelanu,అంకెలను,అంకెలను
angeekarinchaka,అంగీకరించక,అంగీకరించక
amgiikarimchaadu,అంగీకరించాడు,అంగీకరించాడు
angeekarinchaadu,అంగీకరించాడు,అంగీకరించాడు
angiikarinchaadu,అంగీకరించాడు,అంగీకరించాడు
angeekarinchaali,అంగీకరించాలి,అంగీకరించాలి
angikarinchaali,అంగీకరించాలి,అంగీకరించాలి
angeekarinchi,అంగీకరించి,అంగీకరించి
angikarinchi,అంగీకరించి,అంగీకరించి
angeekarimchina,అంగీకరించిన,అంగీకరించిన
angeekarinchina,అంగీకరించిన,అంగీకరించిన
angeekarinche,అంగీకరించే,అంగీకరించే
angikarinchay,అంగీకరించే,అంగీకరించే
angikarinche,అంగీకరించే,అంగీకరించే
andar,అండర్,అండర్
amtagaa,అంతగా,అంతగా
antagaa,అంతగా,అంతగా
anthagaa,అంతగా,అంతగా
antamavutundi,అంతమవుతుంది,అంతమవుతుంది
anthamavuthondi,అంతమవుతుంది,అంతమవుతుంది
anthamavuthundhi,అంతమవుతుంది,అంతమవుతుంది
amtaloenae,అంతలోనే,అంతలోనే
anthalone,అంతలోనే,అంతలోనే
anthaloonee,అంతలోనే,అంతలోనే
amtu,అంతు,అంతు
anthu,అంతు,అంతు
ampair,అంపైర్,అంపైర్
akkineni,అక్కినేని,అక్కినేని
akrama,అక్రమ,అక్రమ
akramaalu,అక్రమాలు,అక్రమాలు
agniki,అగ్నికి,అగ్నికి
ajeej,అజీజ్,అజీజ్
ajeez,అజీజ్,అజీజ్
ajiz,అజీజ్,అజీజ్
azeez,అజీజ్,అజీజ్
aziz,అజీజ్,అజీజ్
ajeernamu,అజీర్ణము,అజీర్ణము
ajeernhamu,అజీర్ణము,అజీర్ణము
ajirnamu,అజీర్ణము,అజీర్ణము
agnaanapu,అజ్ఞానపు,అజ్ఞానపు
aghnaanamu,అజ్ఞానము,అజ్ఞానము
agnaanamu,అజ్ఞానము,అజ్ఞానము
ajnanamu,అజ్ఞానము,అజ్ఞానము
agnani,అజ్ఞాని,అజ్ఞాని
adigithe,అడిగితే,అడిగితే
athanoka,అతనొక,అతనొక
athanni,అతన్ని,అతన్ని
adi,అది,అది
adivinna,అదివిన్న,అదివిన్న
adhikam,అధికం,అధికం
adhikamga,అధికంగా,అధికంగా
adhikanga,అధికంగా,అధికంగా
adhikangaa,అధికంగా,అధికంగా
adhikamuga,అధికముగా,అధికముగా
adhikamugaa,అధికముగా,అధికముగా
adhikamaina,అధికమైన,అధికమైన
adhirohinchaaru,అధిరోహించారు,అధిరోహించారు
adhirohincharu,అధిరోహించారు,అధిరోహించారు
adhiroohimchaaru,అధిరోహించారు,అధిరోహించారు
adhyakshathana,అధ్యక్షతన,అధ్యక్షతన
adyakshathana,అధ్యక్షతన,అధ్యక్షతన
adhyayanamtho,అధ్యయనంతో,అధ్యయనంతో
adhyayanamu,అధ్యయనము,అధ్యయనము
adhyyanamu,అధ్యయనము,అధ్యయనము
ananthapuram,అనంతపురం,అనంతపురం
ananthapuramlo,అనంతపురంలో,అనంతపురంలో
anakundaa,అనకుండా,అనకుండా
anaconda,అనకొండ,అనకొండ
anakonda,అనకొండ,అనకొండ
anatam,అనటం,అనటం
anani,అనని,అనని
ananu,అనను,అనను
anaparthi,అనపర్తి,అనపర్తి
anaparthy,అనపర్తి,అనపర్తి
anipinchi,అనిపించి,అనిపించి
anipinchina,అనిపించిన,అనిపించిన
anipinnchina,అనిపించిన,అనిపించిన
anivaarya,అనివార్య,అనివార్య
anivaaryamgaa,అనివార్యంగా,అనివార్యంగా
anivaaryamyna,అనివార్యమైన,అనివార్యమైన
anugunamuga,అనుగుణముగా,అనుగుణముగా
anugunamugaa,అనుగుణముగా,అనుగుణముగా
anugunamaina,అనుగుణమైన,అనుగుణమైన
anunadhi,అనునది,అనునది
anunadi,అనునది,అనునది
anubhuthi,అనుభూతి,అనుభూతి
anubhuuti,అనుభూతి,అనుభూతి
anubhuthiga,అనుభూతిగా,అనుభూతిగా
anubhuutigaa,అనుభూతిగా,అనుభూతిగా
anuraagam,అనురాగం,అనురాగం
anuraagaalu,అనురాగాలు,అనురాగాలు
ano,అనో,అనో
annadaanam,అన్నదానం,అన్నదానం
annadanam,అన్నదానం,అన్నదానం
anveshinchaaru,అన్వేషించారు,అన్వేషించారు
anveshincharu,అన్వేషించారు,అన్వేషించారు
anveshinche,అన్వేషించే,అన్వేషించే
anveshisthuu,అన్వేషిస్తూ,అన్వేషిస్తూ
anveshistu,అన్వేషిస్తూ,అన్వేషిస్తూ
anveshistuu,అన్వేషిస్తూ,అన్వేషిస్తూ
aparna,అపర్ణ,అపర్ణ
abbaa,అబ్బా,అబ్బా
abhimaana,అభిమాన,అభిమాన
abhimaanam,అభిమానం,అభిమానం
abhimaanamtho,అభిమానంతో,అభిమానంతో
abhimaanamthoo,అభిమానంతో,అభిమానంతో
abhimanamto,అభిమానంతో,అభిమానంతో
abhimaanaaniki,అభిమానానికి,అభిమానానికి
abhimananiki,అభిమానానికి,అభిమానానికి
abhimaanaanni,అభిమానాన్ని,అభిమానాన్ని
abhimananni,అభిమానాన్ని,అభిమానాన్ని
abhimaanulu,అభిమానులు,అభిమానులు
abhimanulu,అభిమానులు,అభిమానులు
abhimaanulugaa,అభిమానులుగా,అభిమానులుగా
abhimanuluga,అభిమానులుగా,అభిమానులుగా
abimaanulugaa,అభిమానులుగా,అభిమానులుగా
abhivruddhilo,అభివృద్ధిలో,అభివృద్ధిలో
amarudu,అమరుడు,అమరుడు
amaayaka,అమాయక,అమాయక
amaayakapu,అమాయకపు,అమాయకపు
amaayakudaina,అమాయకుడైన,అమాయకుడైన
amrutamae,అమృతమే,అమృతమే
amruthame,అమృతమే,అమృతమే
amruthamee,అమృతమే,అమృతమే
american,అమెరికన్,అమెరికన్
amerikan,అమెరికన్,అమెరికన్
amerikanla,అమెరికన్ల,అమెరికన్ల
ammeevaaru,అమ్మేవారు,అమ్మేవారు
ammevaru,అమ్మేవారు,అమ్మేవారు
ayitheenee,అయితేనే,అయితేనే
ayyindi,అయ్యింది,అయ్యింది
aracheethi,అరచేతి,అరచేతి
aracheethini,అరచేతిని,అరచేతిని
arachetini,అరచేతిని,అరచేతిని
aranhyamloe,అరణ్యంలో,అరణ్యంలో
aranyamlo,అరణ్యంలో,అరణ్యంలో
aranyamloo,అరణ్యంలో,అరణ్యంలో
aranhyaalathoo,అరణ్యాలతో,అరణ్యాలతో
aranyaalatho,అరణ్యాలతో,అరణ్యాలతో
aranhyaalu,అరణ్యాలు,అరణ్యాలు
aranyaalu,అరణ్యాలు,అరణ్యాలు
aru,అరు,అరు
arjunini,అర్జునిని,అర్జునిని
arthamlo,అర్థంలో,అర్థంలో
arthamloo,అర్థంలో,అర్థంలో
ardhamavuthundi,అర్ధమవుతుంది,అర్ధమవుతుంది
ardhamavutundi,అర్ధమవుతుంది,అర్ధమవుతుంది
arthamavuthundi,అర్ధమవుతుంది,అర్ధమవుతుంది
ardhaalanu,అర్ధాలను,అర్ధాలను
ardhalanu,అర్ధాలను,అర్ధాలను
alaka,అలక,అలక
alarinchaadu,అలరించాడు,అలరించాడు
alavaataina,అలవాటైన,అలవాటైన
alaantidae,అలాంటిదే,అలాంటిదే
avagaahana,అవగాహన,అవగాహన
avagaahananu,అవగాహనను,అవగాహనను
avatharana,అవతరణ,అవతరణ
avatharanha,అవతరణ,అవతరణ
avataaramani,అవతారమని,అవతారమని
avathaaramani,అవతారమని,అవతారమని
avataaraalu,అవతారాలు,అవతారాలు
avathaaraalu,అవతారాలు,అవతారాలు
avathaaralu,అవతారాలు,అవతారాలు
avataar,అవతార్,అవతార్
avathaar,అవతార్,అవతార్
avasaramu,అవసరము,అవసరము
avasaramai,అవసరమై,అవసరమై
avaard,అవార్డ్,అవార్డ్
award,అవార్డ్,అవార్డ్
avuthundi,అవుతుంది,అవుతుంది
avutundi,అవుతుంది,అవుతుంది
avuthoo,అవుతూ,అవుతూ
avuthuu,అవుతూ,అవుతూ
avutu,అవుతూ,అవుతూ
ashtaa,అష్టా,అష్టా
asoem,అసోం,అసోం
as,అస్,అస్
ass,అస్,అస్
asthra,అస్త్ర,అస్త్ర
asthram,అస్త్రం,అస్త్రం
asthramulu,అస్త్రములు,అస్త్రములు
asthraalanu,అస్త్రాలను,అస్త్రాలను
asthralu,అస్త్రాలు,అస్త్రాలు
ahalyaa,అహల్యా,అహల్యా
aantoniyo,ఆంటోనియో,ఆంటోనియో
aamdhra,ఆంధ్ర,ఆంధ్ర
aandhra,ఆంధ్ర,ఆంధ్ర
aandhramu,ఆంధ్రము,ఆంధ్రము
andhramu,ఆంధ్రము,ఆంధ్రము
aandhralo,ఆంధ్రలో,ఆంధ్రలో
aandhraloo,ఆంధ్రలో,ఆంధ్రలో
aakaara,ఆకార,ఆకార
aakaarapu,ఆకారపు,ఆకారపు
aakaaraanni,ఆకారాన్ని,ఆకారాన్ని
aakaaraalu,ఆకారాలు,ఆకారాలు
aakruthulalo,ఆకృతులలో,ఆకృతులలో
aakruthulaloo,ఆకృతులలో,ఆకృతులలో
akrutulalo,ఆకృతులలో,ఆకృతులలో
aakruthulu,ఆకృతులు,ఆకృతులు
akrutulu,ఆకృతులు,ఆకృతులు
aakramimchaaru,ఆక్రమించారు,ఆక్రమించారు
aakraminchaaru,ఆక్రమించారు,ఆక్రమించారు
aakramincharu,ఆక్రమించారు,ఆక్రమించారు
aakraminchae,ఆక్రమించే,ఆక్రమించే
aakraminche,ఆక్రమించే,ఆక్రమించే
aagakumdaa,ఆగకుండా,ఆగకుండా
aagakunda,ఆగకుండా,ఆగకుండా
aagakundaa,ఆగకుండా,ఆగకుండా
aagalaedu,ఆగలేదు,ఆగలేదు
aagaledu,ఆగలేదు,ఆగలేదు
aajaad,ఆజాద్,ఆజాద్
aajaadh,ఆజాద్,ఆజాద్
aazaad,ఆజాద్,ఆజాద్
aazaadh,ఆజాద్,ఆజాద్
aagnaapinchina,ఆజ్ఞాపించిన,ఆజ్ఞాపించిన
aathma,ఆత్మ,ఆత్మ
aatma,ఆత్మ,ఆత్మ
aathmaku,ఆత్మకు,ఆత్మకు
aatmaku,ఆత్మకు,ఆత్మకు
aathmaga,ఆత్మగా,ఆత్మగా
aatmaga,ఆత్మగా,ఆత్మగా
aatmagaa,ఆత్మగా,ఆత్మగా
aathmatho,ఆత్మతో,ఆత్మతో
aatmanu,ఆత్మను,ఆత్మను
aathmala,ఆత్మల,ఆత్మల
aatmala,ఆత్మల,ఆత్మల
aathmalaku,ఆత్మలకు,ఆత్మలకు
aatmalaku,ఆత్మలకు,ఆత్మలకు
aathmalo,ఆత్మలో,ఆత్మలో
aatmalo,ఆత్మలో,ఆత్మలో
aatmaloo,ఆత్మలో,ఆత్మలో
aadeshinchagaa,ఆదేశించగా,ఆదేశించగా
aadesinchagaa,ఆదేశించగా,ఆదేశించగా
aadeshinchadam,ఆదేశించడం,ఆదేశించడం
aadesinchadam,ఆదేశించడం,ఆదేశించడం
aadhmee,ఆద్మీ,ఆద్మీ
aadhaaramtho,ఆధారంతో,ఆధారంతో
aadhaaranthoo,ఆధారంతో,ఆధారంతో
aadhaaraala,ఆధారాల,ఆధారాల
aadhaaraalato,ఆధారాలతో,ఆధారాలతో
aadhaaraalanu,ఆధారాలను,ఆధారాలను
aadhikyam,ఆధిక్యం,ఆధిక్యం
aadhikyamlo,ఆధిక్యంలో,ఆధిక్యంలో
aadhikyamloe,ఆధిక్యంలో,ఆధిక్యంలో
aadhvaryamuloo,ఆధ్వర్యములో,ఆధ్వర్యములో
aadhwaryamuloo,ఆధ్వర్యములో,ఆధ్వర్యములో
aanamdamaya,ఆనందమయ,ఆనందమయ
aapi,ఆపి,ఆపి
aapina,ఆపిన,ఆపిన
aapudu,ఆపుడు,ఆపుడు
aamodhinchaaru,ఆమోదించారు,ఆమోదించారు
aamodinchaaru,ఆమోదించారు,ఆమోదించారు
aamodincharu,ఆమోదించారు,ఆమోదించారు
aamodhinchindhi,ఆమోదించింది,ఆమోదించింది
aamodinchindi,ఆమోదించింది,ఆమోదించింది
aamodhinchina,ఆమోదించిన,ఆమోదించిన
aamodinchina,ఆమోదించిన,ఆమోదించిన
aamoodhinche,ఆమోదించే,ఆమోదించే
aamlam,ఆమ్లం,ఆమ్లం
aamlajani,ఆమ్లజని,ఆమ్లజని
aayina,ఆయిన,ఆయిన
aayushshu,ఆయుష్షు,ఆయుష్షు
aaraamaalu,ఆరామాలు,ఆరామాలు
aarimtini,ఆరింటిని,ఆరింటిని
aarintini,ఆరింటిని,ఆరింటిని
aaroogyakara,ఆరోగ్యకర,ఆరోగ్యకర
aaroohana,ఆరోహణ,ఆరోహణ
aarkaa,ఆర్కా,ఆర్కా
aargaan,ఆర్గాన్,ఆర్గాన్
orgaan,ఆర్గాన్,ఆర్గాన్
aardra,ఆర్ద్ర,ఆర్ద్ర
ardra,ఆర్ద్ర,ఆర్ద్ర
aalayamlo,ఆలయంలో,ఆలయంలో
aalayamloo,ఆలయంలో,ఆలయంలో
alayamlo,ఆలయంలో,ఆలయంలో
aalayaalu,ఆలయాలు,ఆలయాలు
aalayalu,ఆలయాలు,ఆలయాలు
alayalu,ఆలయాలు,ఆలయాలు
aalasyam,ఆలస్యం,ఆలస్యం
aalasyamgaa,ఆలస్యంగా,ఆలస్యంగా
aalasyamu,ఆలస్యము,ఆలస్యము
aalochanatho,ఆలోచనతో,ఆలోచనతో
aalochanato,ఆలోచనతో,ఆలోచనతో
alochanatho,ఆలోచనతో,ఆలోచనతో
alochanato,ఆలోచనతో,ఆలోచనతో
aalochanalanu,ఆలోచనలను,ఆలోచనలను
alochanalanu,ఆలోచనలను,ఆలోచనలను
aavaginjantha,ఆవగింజంత,ఆవగింజంత
aavidhamgaa,ఆవిధంగా,ఆవిధంగా
aavidhangaa,ఆవిధంగా,ఆవిధంగా
aasaya,ఆశయ,ఆశయ
aashaya,ఆశయ,ఆశయ
aashayaanni,ఆశయాన్ని,ఆశయాన్ని
aashayanni,ఆశయాన్ని,ఆశయాన్ని
aasramamlo,ఆశ్రమంలో,ఆశ్రమంలో
aashramaallo,ఆశ్రమాల్లో,ఆశ్రమాల్లో
aasramaallo,ఆశ్రమాల్లో,ఆశ్రమాల్లో
aashrayincharu,ఆశ్రయించారు,ఆశ్రయించారు
aasrayinchaaru,ఆశ్రయించారు,ఆశ్రయించారు
aastamaa,ఆస్తమా,ఆస్తమా
aasthamaa,ఆస్తమా,ఆస్తమా
ahaaramtoo,ఆహారంతో,ఆహారంతో
aahaaramlooni,ఆహారంలోని,ఆహారంలోని
aaharamloni,ఆహారంలోని,ఆహారంలోని
aahaaramugaa,ఆహారముగా,ఆహారముగా
aaharamuga,ఆహారముగా,ఆహారముగా
aaharamugaa,ఆహారముగా,ఆహారముగా
aahaaramuloo,ఆహారములో,ఆహారములో
aaharamuloo,ఆహారములో,ఆహారములో
aharamulo,ఆహారములో,ఆహారములో
inkonni,ఇంకొన్ని,ఇంకొన్ని
inc,ఇంక్,ఇంక్
ink,ఇంక్,ఇంక్
inq,ఇంక్,ఇంక్
inti,ఇంటి,ఇంటి
intilo,ఇంటిలో,ఇంటిలో
intiloo,ఇంటిలో,ఇంటిలో
inta,ఇంత,ఇంత
intha,ఇంత,ఇంత
imtaku,ఇంతకు,ఇంతకు
intaku,ఇంతకు,ఇంతకు
inthaku,ఇంతకు,ఇంతకు
imtagaa,ఇంతగా,ఇంతగా
intaga,ఇంతగా,ఇంతగా
inthagaa,ఇంతగా,ఇంతగా
imtaloe,ఇంతలో,ఇంతలో
intalo,ఇంతలో,ఇంతలో
imtaa,ఇంతా,ఇంతా
imtoe,ఇంతో,ఇంతో
intho,ఇంతో,ఇంతో
into,ఇంతో,ఇంతో
imdrunitoe,ఇంద్రునితో,ఇంద్రునితో
indrunito,ఇంద్రునితో,ఇంద్రునితో
impugaa,ఇంపుగా,ఇంపుగా
inpugaa,ఇంపుగా,ఇంపుగా
etara,ఇతర,ఇతర
itara,ఇతర,ఇతర
ithara,ఇతర,ఇతర
itaramulu,ఇతరములు,ఇతరములు
itharamulu,ఇతరములు,ఇతరములు
itaraalu,ఇతరాలు,ఇతరాలు
itharaalu,ఇతరాలు,ఇతరాలు
itharalu,ఇతరాలు,ఇతరాలు
itivruttaanni,ఇతివృత్తాన్ని,ఇతివృత్తాన్ని
ittadi,ఇత్తడి,ఇత్తడి
itthadi,ఇత్తడి,ఇత్తడి
iddari,ఇద్దరి,ఇద్దరి
iddhari,ఇద్దరి,ఇద్దరి
iddariki,ఇద్దరికి,ఇద్దరికి
iddhariki,ఇద్దరికి,ఇద్దరికి
iddarini,ఇద్దరిని,ఇద్దరిని
iddharini,ఇద్దరిని,ఇద్దరిని
iddarilonu,ఇద్దరిలోనూ,ఇద్దరిలోనూ
iddariloonoo,ఇద్దరిలోనూ,ఇద్దరిలోనూ
iddariloonuu,ఇద్దరిలోనూ,ఇద్దరిలోనూ
iddarni,ఇద్దర్ని,ఇద్దర్ని
innayya,ఇన్నయ్య,ఇన్నయ్య
innar,ఇన్నర్,ఇన్నర్
inner,ఇన్నర్,ఇన్నర్
ippati,ఇప్పటి,ఇప్పటి
ivivi,ఇవివి,ఇవివి
ivvadhu,ఇవ్వదు,ఇవ్వదు
eetadu,ఈతడు,ఈతడు
eethadu,ఈతడు,ఈతడు
eelogaa,ఈలోగా,ఈలోగా
eeloogaa,ఈలోగా,ఈలోగా
unchaali,ఉంచాలి,ఉంచాలి
undagaladhu,ఉండగలదు,ఉండగలదు
umduta,ఉండుట,ఉండుట
unduta,ఉండుట,ఉండుట
umdenu,ఉండెను,ఉండెను
undenu,ఉండెను,ఉండెను
uttama,ఉత్తమ,ఉత్తమ
utthama,ఉత్తమ,ఉత్తమ
uttamam,ఉత్తమం,ఉత్తమం
utthamam,ఉత్తమం,ఉత్తమం
uttamamga,ఉత్తమంగా,ఉత్తమంగా
uttamamgaa,ఉత్తమంగా,ఉత్తమంగా
uttamangaa,ఉత్తమంగా,ఉత్తమంగా
utthamamgaa,ఉత్తమంగా,ఉత్తమంగా
uttamulu,ఉత్తములు,ఉత్తములు
udayaaniki,ఉదయానికి,ఉదయానికి
udayimchae,ఉదయించే,ఉదయించే
udayinche,ఉదయించే,ఉదయించే
udaara,ఉదార,ఉదార
unna,ఉన్న,ఉన్న
unnamta,ఉన్నంత,ఉన్నంత
unnanta,ఉన్నంత,ఉన్నంత
unnantha,ఉన్నంత,ఉన్నంత
unnantavarakuu,ఉన్నంతవరకూ,ఉన్నంతవరకూ
unnadi,ఉన్నది,ఉన్నది
unnaarantae,ఉన్నారంటే,ఉన్నారంటే
uparitala,ఉపరితల,ఉపరితల
ooregi,ఊరేగి,ఊరేగి
uureegi,ఊరేగి,ఊరేగి
oolloni,ఊళ్లోని,ఊళ్లోని
oollooni,ఊళ్లోని,ఊళ్లోని
oohaathmaka,ఊహాత్మక,ఊహాత్మక
oohaatmaka,ఊహాత్మక,ఊహాత్మక
oohisthaaru,ఊహిస్తారు,ఊహిస్తారు
uuhistaaru,ఊహిస్తారు,ఊహిస్తారు
vuhistaaru,ఊహిస్తారు,ఊహిస్తారు
rushini,ఋషిని,ఋషిని
enchukunna,ఎంచుకున్న,ఎంచుకున్న
enchukunnaadu,ఎంచుకున్నాడు,ఎంచుకున్నాడు
enchukunnadu,ఎంచుకున్నాడు,ఎంచుకున్నాడు
enchukunnnaadu,ఎంచుకున్నాడు,ఎంచుకున్నాడు
enchukunnaaru,ఎంచుకున్నారు,ఎంచుకున్నారు
enchukunnaru,ఎంచుకున్నారు,ఎంచుకున్నారు
enda,ఎండ,ఎండ
yenda,ఎండ,ఎండ
endinchi,ఎండించి,ఎండించి
enthavarakuu,ఎంతవరకూ,ఎంతవరకూ
egaradaaniki,ఎగరడానికి,ఎగరడానికి
edhagadaaniki,ఎదగడానికి,ఎదగడానికి
edhigaadu,ఎదిగాడు,ఎదిగాడు
edigaadu,ఎదిగాడు,ఎదిగాడు
edhigaaru,ఎదిగారు,ఎదిగారు
edhigindhi,ఎదిగింది,ఎదిగింది
eddhunu,ఎద్దును,ఎద్దును
eddunu,ఎద్దును,ఎద్దును
elugu,ఎలుగు,ఎలుగు
evadaite,ఎవడైతే,ఎవడైతే
ekeekarana,ఏకీకరణ,ఏకీకరణ
yekekarana,ఏకీకరణ,ఏకీకరణ
yekikarana,ఏకీకరణ,ఏకీకరణ
ejansi,ఏజన్సీ,ఏజన్సీ
aenaatikee,ఏనాటికీ,ఏనాటికీ
aenugunu,ఏనుగును,ఏనుగును
enugunu,ఏనుగును,ఏనుగును
yenugunu,ఏనుగును,ఏనుగును
aenugulu,ఏనుగులు,ఏనుగులు
enugulu,ఏనుగులు,ఏనుగులు
yenugulu,ఏనుగులు,ఏనుగులు
epani,ఏపని,ఏపని
emanagaa,ఏమనగా,ఏమనగా
aemaathram,ఏమాత్రం,ఏమాత్రం
eriyalalo,ఏరియాలలో,ఏరియాలలో
aerpadaka,ఏర్పడక,ఏర్పడక
erpadaka,ఏర్పడక,ఏర్పడక
yerpadaka,ఏర్పడక,ఏర్పడక
aerpadataaniki,ఏర్పడటానికి,ఏర్పడటానికి
erpadataaniki,ఏర్పడటానికి,ఏర్పడటానికి
erpadataniki,ఏర్పడటానికి,ఏర్పడటానికి
yerpadataaniki,ఏర్పడటానికి,ఏర్పడటానికి
aerpadadam,ఏర్పడడం,ఏర్పడడం
erpadadam,ఏర్పడడం,ఏర్పడడం
yerpadadam,ఏర్పడడం,ఏర్పడడం
aerpadadaaniki,ఏర్పడడానికి,ఏర్పడడానికి
erpadadaaniki,ఏర్పడడానికి,ఏర్పడడానికి
erpadadaniki,ఏర్పడడానికి,ఏర్పడడానికి
erpadindani,ఏర్పడిందని,ఏర్పడిందని
yerpadindani,ఏర్పడిందని,ఏర్పడిందని
erpadindi,ఏర్పడింది,ఏర్పడింది
yerpadindi,ఏర్పడింది,ఏర్పడింది
erpadenduku,ఏర్పడేందుకు,ఏర్పడేందుకు
yerpadenduku,ఏర్పడేందుకు,ఏర్పడేందుకు
eerparichaaru,ఏర్పరిచారు,ఏర్పరిచారు
erparicharu,ఏర్పరిచారు,ఏర్పరిచారు
yerparicharu,ఏర్పరిచారు,ఏర్పరిచారు
yelina,ఏలిన,ఏలిన
ontari,ఒంటరి,ఒంటరి
okadigaa,ఒకడిగా,ఒకడిగా
okaanoka,ఒకానొక,ఒకానొక
oppo,ఒప్పో,ఒప్పో
oraakil,ఒరాకిల్,ఒరాకిల్
otarla,ఓటర్ల,ఓటర్ల
au,ఔ,ఔ
ou,ఔ,ఔ
kampu,కంపు,కంపు
kachchaerii,కచ్చేరీ,కచ్చేరీ
kattalu,కట్టలు,కట్టలు
kattaa,కట్టా,కట్టా
kattaaru,కట్టారు,కట్టారు
kattaru,కట్టారు,కట్టారు
kattaalani,కట్టాలని,కట్టాలని
kattimchadam,కట్టించడం,కట్టించడం
kattinchadam,కట్టించడం,కట్టించడం
kattimchaaru,కట్టించారు,కట్టించారు
kattinchaaru,కట్టించారు,కట్టించారు
kattimchi,కట్టించి,కట్టించి
kattinchi,కట్టించి,కట్టించి
kattimdi,కట్టింది,కట్టింది
kattindi,కట్టింది,కట్టింది
katnam,కట్నం,కట్నం
kadupuna,కడుపున,కడుపున
kadupuni,కడుపుని,కడుపుని
kadupuloeki,కడుపులోకి,కడుపులోకి
kadupulooki,కడుపులోకి,కడుపులోకి
kadupuloeni,కడుపులోని,కడుపులోని
kadupulooni,కడుపులోని,కడుపులోని
kanaalugaa,కణాలుగా,కణాలుగా
kadhakudu,కథకుడు,కథకుడు
kathakudu,కథకుడు,కథకుడు
kadhanaalaku,కథనాలకు,కథనాలకు
kathanaalaku,కథనాలకు,కథనాలకు
kadhanaalu,కథనాలు,కథనాలు
kathanaalu,కథనాలు,కథనాలు
kadalakundaa,కదలకుండా,కదలకుండా
kadaladam,కదలడం,కదలడం
kadalani,కదలని,కదలని
kadhilinchi,కదిలించి,కదిలించి
kadilimchi,కదిలించి,కదిలించి
kani,కని,కని
kanipistaayi,కనిపిస్తాయి,కనిపిస్తాయి
kanipisthaayi,కనిపిస్తాయి,కనిపిస్తాయి
kannadam,కన్నడం,కన్నడం
kannu,కన్ను,కన్ను
kannunu,కన్నును,కన్నును
kannulu,కన్నులు,కన్నులు
kanyaa,కన్యా,కన్యా
kamalaa,కమలా,కమలా
karigina,కరిగిన,కరిగిన
karivaepaaku,కరివేపాకు,కరివేపాకు
kariveepaaku,కరివేపాకు,కరివేపాకు
karuvunu,కరువును,కరువును
karshaka,కర్షక,కర్షక
kalagalasina,కలగలసిన,కలగలసిన
kalabandanu,కలబందను,కలబందను
kalabandhanu,కలబందను,కలబందను
kalara,కలరా,కలరా
kalaraa,కలరా,కలరా
kalalannee,కలలన్నీ,కలలన్నీ
kalavaadu,కలవాడు,కలవాడు
kalavadu,కలవాడు,కలవాడు
kaligaadu,కలిగాడు,కలిగాడు
kaligina,కలిగిన,కలిగిన
kaliginavaaru,కలిగినవారు,కలిగినవారు
kaliginavaru,కలిగినవారు,కలిగినవారు
kaliginaa,కలిగినా,కలిగినా
kaligenu,కలిగెను,కలిగెను
kalimi,కలిమి,కలిమి
kalugadhu,కలుగదు,కలుగదు
kalugu,కలుగు,కలుగు
kalugunu,కలుగును,కలుగును
kalusukuni,కలుసుకుని,కలుసుకుని
kalpinchinaa,కల్పించినా,కల్పించినా
kavayitri,కవయిత్రి,కవయిత్రి
covar,కవర్,కవర్
kavarla,కవర్ల,కవర్ల
kavitala,కవితల,కవితల
kavithala,కవితల,కవితల
kavitalanu,కవితలను,కవితలను
kavithalanu,కవితలను,కవితలను
kavitalalo,కవితలలో,కవితలలో
kavitalaloe,కవితలలో,కవితలలో
kavithalaloo,కవితలలో,కవితలలో
kavitalu,కవితలు,కవితలు
kavithalu,కవితలు,కవితలు
kashta,కష్ట,కష్ట
kashtapadadam,కష్టపడడం,కష్టపడడం
kashtamu,కష్టము,కష్టము
kashtamai,కష్టమై,కష్టమై
kashtamaina,కష్టమైన,కష్టమైన
kashtamiena,కష్టమైన,కష్టమైన
kashtaalloe,కష్టాల్లో,కష్టాల్లో
kashtallo,కష్టాల్లో,కష్టాల్లో
kaatamaraaju,కాటమరాజు,కాటమరాజు
kaatu,కాటు,కాటు
kaatuka,కాటుక,కాటుక
kaatuku,కాటుకు,కాటుకు
kaanivi,కానివి,కానివి
comic,కామిక్,కామిక్
kaayadam,కాయడం,కాయడం
kayadam,కాయడం,కాయడం
kaayadaaniki,కాయడానికి,కాయడానికి
kayadaniki,కాయడానికి,కాయడానికి
kaayanu,కాయను,కాయను
kayanu,కాయను,కాయను
kaayamu,కాయము,కాయము
kayamu,కాయము,కాయము
kaaradam,కారడం,కారడం
kaaranam,కారణం,కారణం
caart,కార్ట్,కార్ట్
cart,కార్ట్,కార్ట్
kaart,కార్ట్,కార్ట్
kart,కార్ట్,కార్ట్
qart,కార్ట్,కార్ట్
corban,కార్బన్,కార్బన్
kaarya,కార్య,కార్య
karya,కార్య,కార్య
kaaryaalayamloone,కార్యాలయంలోనే,కార్యాలయంలోనే
karyalayamlone,కార్యాలయంలోనే,కార్యాలయంలోనే
caalendar,కాలెండర్,కాలెండర్
kaalendar,కాలెండర్,కాలెండర్
kaalender,కాలెండర్,కాలెండర్
caall,కాల్,కాల్
call,కాల్,కాల్
kaal,కాల్,కాల్
kaalpanika,కాల్పనిక,కాల్పనిక
caalls,కాల్స్,కాల్స్
cals,కాల్స్,కాల్స్
kaals,కాల్స్,కాల్స్
kaavacchu,కావచ్చు,కావచ్చు
kaavachhu,కావచ్చు,కావచ్చు
kaavatamtho,కావటంతో,కావటంతో
kaavatamto,కావటంతో,కావటంతో
kaavatamtoo,కావటంతో,కావటంతో
kaavadaaniki,కావడానికి,కావడానికి
kaavadaniki,కావడానికి,కావడానికి
kaavalisina,కావలిసిన,కావలిసిన
kichan,కిచన్,కిచన్
kiranaala,కిరణాల,కిరణాల
kiranala,కిరణాల,కిరణాల
kiranhaala,కిరణాల,కిరణాల
kishtamaina,కిష్టమైన,కిష్టమైన
kisaan,కిసాన్,కిసాన్
keeboordu,కీబోర్డు,కీబోర్డు
keerti,కీర్తి,కీర్తి
kirti,కీర్తి,కీర్తి
keerthini,కీర్తిని,కీర్తిని
keertini,కీర్తిని,కీర్తిని
kirthini,కీర్తిని,కీర్తిని
kunti,కుంటి,కుంటి
kunthii,కుంతీ,కుంతీ
kukie,కుకీ,కుకీ
kunevaaru,కునేవారు,కునేవారు
kuutiki,కూటికి,కూటికి
kuuragayalu,కూరగాయలు,కూరగాయలు
koolindhi,కూలింది,కూలింది
kuulindhi,కూలింది,కూలింది
kuulindi,కూలింది,కూలింది
camerala,కెమెరాల,కెమెరాల
kemerala,కెమెరాల,కెమెరాల
kai,కే,కే
kay,కే,కే
ke,కే,కే
qay,కే,కే
kendra,కేంద్ర,కేంద్ర
kendraaniki,కేంద్రానికి,కేంద్రానికి
kendraniki,కేంద్రానికి,కేంద్రానికి
kongu,కొంగు,కొంగు
kottuku,కొట్టుకు,కొట్టుకు
kottukuni,కొట్టుకుని,కొట్టుకుని
kottukune,కొట్టుకునే,కొట్టుకునే
kottukunee,కొట్టుకునే,కొట్టుకునే
kottavi,కొత్తవి,కొత్తవి
kotthavi,కొత్తవి,కొత్తవి
konnitiki,కొన్నిటికి,కొన్నిటికి
kommalaku,కొమ్మలకు,కొమ్మలకు
kolichi,కొలిచి,కొలిచి
koganti,కోగంటి,కోగంటి
kooganti,కోగంటి,కోగంటి
koti,కోటి,కోటి
kotipalli,కోటిపల్లి,కోటిపల్లి
kori,కోరి,కోరి
korika,కోరిక,కోరిక
koorikaga,కోరికగా,కోరికగా
korikagaa,కోరికగా,కోరికగా
korikanu,కోరికను,కోరికను
kosoori,కోసూరి,కోసూరి
kosuri,కోసూరి,కోసూరి
kosuuri,కోసూరి,కోసూరి
kyaampas,క్యాంపస్,క్యాంపస్
cramamu,క్రమము,క్రమము
kramamu,క్రమము,క్రమము
cramamuga,క్రమముగా,క్రమముగా
kramamuga,క్రమముగా,క్రమముగా
kramamugaa,క్రమముగా,క్రమముగా
criyanu,క్రియను,క్రియను
kriyanu,క్రియను,క్రియను
criyalaku,క్రియలకు,క్రియలకు
kriyalaku,క్రియలకు,క్రియలకు
criyalu,క్రియలు,క్రియలు
criyalo,క్రియలో,క్రియలో
criyaloo,క్రియలో,క్రియలో
kriyalo,క్రియలో,క్రియలో
kriyaloo,క్రియలో,క్రియలో
cree,క్రీ,క్రీ
cri,క్రీ,క్రీ
kree,క్రీ,క్రీ
click,క్లిక్,క్లిక్
clicq,క్లిక్,క్లిక్
klikk,క్లిక్,క్లిక్
ksheenata,క్షీణత,క్షీణత
ksheenatha,క్షీణత,క్షీణత
kshethramu,క్షేత్రము,క్షేత్రము
kshetramu,క్షేత్రము,క్షేత్రము
kshethramaina,క్షేత్రమైన,క్షేత్రమైన
kshetramaina,క్షేత్రమైన,క్షేత్రమైన
ksheitraaniki,క్షేత్రానికి,క్షేత్రానికి
kshetraniki,క్షేత్రానికి,క్షేత్రానికి
ksheytraaniki,క్షేత్రానికి,క్షేత్రానికి
ksheitraanni,క్షేత్రాన్ని,క్షేత్రాన్ని
kshethraanni,క్షేత్రాన్ని,క్షేత్రాన్ని
kshetraanni,క్షేత్రాన్ని,క్షేత్రాన్ని
kshetranni,క్షేత్రాన్ని,క్షేత్రాన్ని
ksheytraanni,క్షేత్రాన్ని,క్షేత్రాన్ని
khandinchi,ఖండించి,ఖండించి
khandinche,ఖండించే,ఖండించే
khaidee,ఖైదీ,ఖైదీ
khaideega,ఖైదీగా,ఖైదీగా
khaideela,ఖైదీల,ఖైదీల
khaideelanu,ఖైదీలను,ఖైదీలను
gandi,గండి,గండి
gajaraaju,గజరాజు,గజరాజు
gajaendhra,గజేంద్ర,గజేంద్ర
gajendhra,గజేంద్ర,గజేంద్ర
gajendra,గజేంద్ర,గజేంద్ర
gadupu,గడుపు,గడుపు
ganistaru,గణిస్తారు,గణిస్తారు
ganistharu,గణిస్తారు,గణిస్తారు
garvam,గర్వం,గర్వం
garvamu,గర్వము,గర్వము
galadu,గలడు,గలడు
galadhu,గలదు,గలదు
gaayanee,గాయనీ,గాయనీ
gaayanii,గాయనీ,గాయనీ
gaaradee,గారడీ,గారడీ
gaaru,గారు,గారు
garu,గారు,గారు
gaavinchi,గావించి,గావించి
gundamu,గుండము,గుండము
gunam,గుణం,గుణం
gummaa,గుమ్మా,గుమ్మా
gummaalu,గుమ్మాలు,గుమ్మాలు
guruthva,గురుత్వ,గురుత్వ
gurutva,గురుత్వ,గురుత్వ
gurraaniki,గుర్రానికి,గుర్రానికి
gurraniki,గుర్రానికి,గుర్రానికి
getu,గేటు,గేటు
gottam,గొట్టం,గొట్టం
goddali,గొడ్డలి,గొడ్డలి
gollapalli,గొల్లపల్లి,గొల్లపల్లి
gollapoodi,గొల్లపూడి,గొల్లపూడి
godala,గోడల,గోడల
godhumalanu,గోధుమలను,గోధుమలను
goorinka,గోరింక,గోరింక
gorinka,గోరింక,గోరింక
goovu,గోవు,గోవు
govu,గోవు,గోవు
goovunu,గోవును,గోవును
govunu,గోవును,గోవును
goovulu,గోవులు,గోవులు
govulu,గోవులు,గోవులు
gosangi,గోసంగి,గోసంగి
gautamudu,గౌతముడు,గౌతముడు
gauthamudu,గౌతముడు,గౌతముడు
goutamudu,గౌతముడు,గౌతముడు
gouthamudu,గౌతముడు,గౌతముడు
gowtamudu,గౌతముడు,గౌతముడు
gautamuni,గౌతముని,గౌతముని
gauthamuni,గౌతముని,గౌతముని
gouthamuni,గౌతముని,గౌతముని
gowtamuni,గౌతముని,గౌతముని
gramddhaalayam,గ్రంథాలయం,గ్రంథాలయం
grandhaalayam,గ్రంథాలయం,గ్రంథాలయం
granthaalayam,గ్రంథాలయం,గ్రంథాలయం
grahaaniki,గ్రహానికి,గ్రహానికి
graamaala,గ్రామాల,గ్రామాల
gramala,గ్రామాల,గ్రామాల
greeshma,గ్రీష్మ,గ్రీష్మ
greg,గ్రెగ్,గ్రెగ్
glen,గ్లెన్,గ్లెన్
glenn,గ్లెన్,గ్లెన్
ghorangaa,ఘోరంగా,ఘోరంగా
chacchaaru,చచ్చారు,చచ్చారు
chachhaaru,చచ్చారు,చచ్చారు
chattabaddamaina,చట్టబద్దమైన,చట్టబద్దమైన
chattabaddha,చట్టబద్ధ,చట్టబద్ధ
chattabaddham,చట్టబద్ధం,చట్టబద్ధం
chadunuga,చదునుగా,చదునుగా
chadhuvuthunnaaru,చదువుతున్నారు,చదువుతున్నారు
chaduvuthunnaru,చదువుతున్నారు,చదువుతున్నారు
chaduvutunaaru,చదువుతున్నారు,చదువుతున్నారు
chadhuvuthuu,చదువుతూ,చదువుతూ
chaduvuthu,చదువుతూ,చదువుతూ
chaduvutuu,చదువుతూ,చదువుతూ
chaddhi,చద్ది,చద్ది
chaddi,చద్ది,చద్ది
chappudu,చప్పుడు,చప్పుడు
charita,చరిత,చరిత
charitha,చరిత,చరిత
charitamu,చరితము,చరితము
charithamu,చరితము,చరితము
charithrakaarulu,చరిత్రకారులు,చరిత్రకారులు
charchinchatam,చర్చించటం,చర్చించటం
charchinchataaniki,చర్చించటానికి,చర్చించటానికి
charchinchataniki,చర్చించటానికి,చర్చించటానికి
charchinchadam,చర్చించడం,చర్చించడం
charchinchadaaniki,చర్చించడానికి,చర్చించడానికి
charchinchadaniki,చర్చించడానికి,చర్చించడానికి
cahrchinchaaru,చర్చించారు,చర్చించారు
charchinchaaru,చర్చించారు,చర్చించారు
churchincharu,చర్చించారు,చర్చించారు
charchinchaalani,చర్చించాలని,చర్చించాలని
churchinchaalani,చర్చించాలని,చర్చించాలని
churchinchalani,చర్చించాలని,చర్చించాలని
charchinchi,చర్చించి,చర్చించి
churchinchi,చర్చించి,చర్చించి
charchinchindhi,చర్చించింది,చర్చించింది
charchinchindi,చర్చించింది,చర్చించింది
churchinchindi,చర్చించింది,చర్చించింది
charchinchina,చర్చించిన,చర్చించిన
churchinchina,చర్చించిన,చర్చించిన
charchinche,చర్చించే,చర్చించే
charchinchee,చర్చించే,చర్చించే
churchinche,చర్చించే,చర్చించే
charchilalo,చర్చిలలో,చర్చిలలో
charchilaloo,చర్చిలలో,చర్చిలలో
churchilalo,చర్చిలలో,చర్చిలలో
charchilu,చర్చిలు,చర్చిలు
caryalatoo,చర్యలతో,చర్యలతో
charyalatho,చర్యలతో,చర్యలతో
charyalathoo,చర్యలతో,చర్యలతో
charyalatoo,చర్యలతో,చర్యలతో
caryalapai,చర్యలపై,చర్యలపై
charyalapai,చర్యలపై,చర్యలపై
caryalaloo,చర్యలలో,చర్యలలో
charyalaloo,చర్యలలో,చర్యలలో
challa,చల్ల,చల్ల
challagaane,చల్లగానే,చల్లగానే
challagaanee,చల్లగానే,చల్లగానే
challagane,చల్లగానే,చల్లగానే
challatam,చల్లటం,చల్లటం
challati,చల్లటి,చల్లటి
challapalli,చల్లపల్లి,చల్లపల్లి
challi,చల్లి,చల్లి
chaampian,చాంపియన్,చాంపియన్
chaampiyan,చాంపియన్,చాంపియన్
chaarulata,చారులత,చారులత
chaarulatha,చారులత,చారులత
chikkati,చిక్కటి,చిక్కటి
chidatalu,చిడతలు,చిడతలు
chidathalu,చిడతలు,చిడతలు
chithrinchadaaniki,చిత్రించడానికి,చిత్రించడానికి
chithrinchadaniki,చిత్రించడానికి,చిత్రించడానికి
chitrinchadaaniki,చిత్రించడానికి,చిత్రించడానికి
chinukulaa,చినుకులా,చినుకులా
chinukulu,చినుకులు,చినుకులు
chinna,చిన్న,చిన్న
chinnathanam,చిన్నతనం,చిన్నతనం
chinnadhi,చిన్నది,చిన్నది
chinnadi,చిన్నది,చిన్నది
chinnadhigaa,చిన్నదిగా,చిన్నదిగా
chillara,చిల్లర,చిల్లర
chihnamaina,చిహ్నమైన,చిహ్నమైన
chihnamyna,చిహ్నమైన,చిహ్నమైన
chihnaanni,చిహ్నాన్ని,చిహ్నాన్ని
chihnanni,చిహ్నాన్ని,చిహ్నాన్ని
chiilchi,చీల్చి,చీల్చి
chuttu,చుట్టు,చుట్టు
chuttunu,చుట్టును,చుట్టును
chuttuu,చుట్టూ,చుట్టూ
chunnaaru,చున్నారు,చున్నారు
chuudu,చూడు,చూడు
chusenduku,చూసేందుకు,చూసేందుకు
chuuseenduku,చూసేందుకు,చూసేందుకు
chenchu,చెంచు,చెంచు
chenchulu,చెంచులు,చెంచులు
chendadamtho,చెందడంతో,చెందడంతో
chendhinadhe,చెందినదే,చెందినదే
chendinade,చెందినదే,చెందినదే
chepthu,చెప్తూ,చెప్తూ
chepthuu,చెప్తూ,చెప్తూ
cheptoo,చెప్తూ,చెప్తూ
cheppagala,చెప్పగల,చెప్పగల
cheppagalamu,చెప్పగలము,చెప్పగలము
cheppaga,చెప్పగా,చెప్పగా
cheppagaa,చెప్పగా,చెప్పగా
cheppagaane,చెప్పగానే,చెప్పగానే
cheppadam,చెప్పడం,చెప్పడం
cheppavacchu,చెప్పవచ్చు,చెప్పవచ్చు
cheppavachchu,చెప్పవచ్చు,చెప్పవచ్చు
cheppavacchunu,చెప్పవచ్చును,చెప్పవచ్చును
cheppavachchunu,చెప్పవచ్చును,చెప్పవచ్చును
cheppavalasi,చెప్పవలసి,చెప్పవలసి
cheppaaru,చెప్పారు,చెప్పారు
cheppaalani,చెప్పాలని,చెప్పాలని
cheppalani,చెప్పాలని,చెప్పాలని
cheppinattu,చెప్పినట్టు,చెప్పినట్టు
cheppe,చెప్పే,చెప్పే
chellani,చెల్లని,చెల్లని
chellindhi,చెల్లింది,చెల్లింది
chellindi,చెల్లింది,చెల్లింది
cheyllindhi,చెల్లింది,చెల్లింది
chelliki,చెల్లికి,చెల్లికి
cheylliki,చెల్లికి,చెల్లికి
chellemma,చెల్లెమ్మ,చెల్లెమ్మ
chelleymma,చెల్లెమ్మ,చెల్లెమ్మ
chaetu,చేటు,చేటు
chetu,చేటు,చేటు
cheeyadamloo,చేయడంలో,చేయడంలో
cheyadamlo,చేయడంలో,చేయడంలో
chaeyalaemu,చేయలేము,చేయలేము
cheeyaleemu,చేయలేము,చేయలేము
cheyalemu,చేయలేము,చేయలేము
chaeyavalasimdigaa,చేయవలసిందిగా,చేయవలసిందిగా
cheyavalasindhigaa,చేయవలసిందిగా,చేయవలసిందిగా
cheeyincha,చేయించ,చేయించ
cheyincha,చేయించ,చేయించ
cheeyinchagaa,చేయించగా,చేయించగా
cheyinchagaa,చేయించగా,చేయించగా
cheeyinchatam,చేయించటం,చేయించటం
cheyinchatam,చేయించటం,చేయించటం
cheeyinchadam,చేయించడం,చేయించడం
cheyinchadam,చేయించడం,చేయించడం
cheeyinchaadu,చేయించాడు,చేయించాడు
cheyinchaadu,చేయించాడు,చేయించాడు
chaeyimchaalani,చేయించాలని,చేయించాలని
cheeyinchaalani,చేయించాలని,చేయించాలని
chaeyimchi,చేయించి,చేయించి
cheeyinchi,చేయించి,చేయించి
cheinchi,చేయించి,చేయించి
chaeyimchina,చేయించిన,చేయించిన
cheeyinchina,చేయించిన,చేయించిన
cheinchina,చేయించిన,చేయించిన
cheeyinchee,చేయించే,చేయించే
cheinche,చేయించే,చేయించే
cheyinche,చేయించే,చేయించే
chaeyu,చేయు,చేయు
cheeyu,చేయు,చేయు
cheyu,చేయు,చేయు
cheeyuchu,చేయుచు,చేయుచు
chaeyunu,చేయును,చేయును
cheyunu,చేయును,చేయును
cheyuvaaru,చేయువారు,చేయువారు
cheyuvaru,చేయువారు,చేయువారు
cheerakundaa,చేరకుండా,చేరకుండా
cherakundaa,చేరకుండా,చేరకుండా
cheeratam,చేరటం,చేరటం
cheratam,చేరటం,చేరటం
cheeradaaniki,చేరడానికి,చేరడానికి
cheradaaniki,చేరడానికి,చేరడానికి
chaeraa,చేరా,చేరా
chaeraadani,చేరాడని,చేరాడని
cheeraadani,చేరాడని,చేరాడని
chaeraaru,చేరారు,చేరారు
cheeraaru,చేరారు,చేరారు
chaerimdani,చేరిందని,చేరిందని
cheerindani,చేరిందని,చేరిందని
cherindhani,చేరిందని,చేరిందని
chaerukunna,చేరుకున్న,చేరుకున్న
cherukunna,చేరుకున్న,చేరుకున్న
chaerukunnappudu,చేరుకున్నప్పుడు,చేరుకున్నప్పుడు
cherukunnappudu,చేరుకున్నప్పుడు,చేరుకున్నప్పుడు
chaerukunnaadu,చేరుకున్నాడు,చేరుకున్నాడు
cherukunnaadu,చేరుకున్నాడు,చేరుకున్నాడు
cherukunnadu,చేరుకున్నాడు,చేరుకున్నాడు
chaerukunnaaru,చేరుకున్నారు,చేరుకున్నారు
cherukunnaaru,చేరుకున్నారు,చేరుకున్నారు
cherukunnaru,చేరుకున్నారు,చేరుకున్నారు
chaerutunna,చేరుతున్న,చేరుతున్న
cheruthunna,చేరుతున్న,చేరుతున్న
chesaru,చేసారు,చేసారు
cheesukuntaanu,చేసుకుంటాను,చేసుకుంటాను
chesukuntanu,చేసుకుంటాను,చేసుకుంటాను
cheesukommani,చేసుకొమ్మని,చేసుకొమ్మని
chesukommani,చేసుకొమ్మని,చేసుకొమ్మని
cheeseevi,చేసేవి,చేసేవి
chesevi,చేసేవి,చేసేవి
cheestaam,చేస్తాం,చేస్తాం
chestaam,చేస్తాం,చేస్తాం
chestam,చేస్తాం,చేస్తాం
chesthaam,చేస్తాం,చేస్తాం
cheestuntaayi,చేస్తుంటాయి,చేస్తుంటాయి
chesthuntaayi,చేస్తుంటాయి,చేస్తుంటాయి
chestuntayi,చేస్తుంటాయి,చేస్తుంటాయి
cheestunnappudu,చేస్తున్నప్పుడు,చేస్తున్నప్పుడు
chesthunnappudu,చేస్తున్నప్పుడు,చేస్తున్నప్పుడు
chestunnappudu,చేస్తున్నప్పుడు,చేస్తున్నప్పుడు
cheestoondani,చేస్తోందని,చేస్తోందని
chestondani,చేస్తోందని,చేస్తోందని
chaineeyula,చైనీయుల,చైనీయుల
chainiiyula,చైనీయుల,చైనీయుల
chaineeyulu,చైనీయులు,చైనీయులు
chootiki,చోటికి,చోటికి
chotiki,చోటికి,చోటికి
chotuku,చోటుకు,చోటుకు
chootucheesukuntaayi,చోటుచేసుకుంటాయి,చోటుచేసుకుంటాయి
chotuchaesukuntaayi,చోటుచేసుకుంటాయి,చోటుచేసుకుంటాయి
chotuchesukuntayi,చోటుచేసుకుంటాయి,చోటుచేసుకుంటాయి
chootuloo,చోటులో,చోటులో
chotulo,చోటులో,చోటులో
choolhudu,చోళుడు,చోళుడు
jaganmaatha,జగన్మాత,జగన్మాత
japaanu,జపాను,జపాను
japanu,జపాను,జపాను
jamunaa,జమునా,జమునా
zamunaa,జమునా,జమునా
jayadevudu,జయదేవుడు,జయదేవుడు
jayabheeri,జయభేరి,జయభేరి
jaruputhoo,జరుపుతూ,జరుపుతూ
jaruputhu,జరుపుతూ,జరుపుతూ
germanlu,జర్మన్లు,జర్మన్లు
jarmanlu,జర్మన్లు,జర్మన్లు
jalaalu,జలాలు,జలాలు
jaagu,జాగు,జాగు
jaaj,జాజ్,జాజ్
jaat,జాట్,జాట్
jaanet,జానెట్,జానెట్
janet,జానెట్,జానెట్
zanet,జానెట్,జానెట్
join,జాయిన్,జాయిన్
zaayin,జాయిన్,జాయిన్
zoin,జాయిన్,జాయిన్
jaaree,జారీ,జారీ
jaarii,జారీ,జారీ
jaavedh,జావేద్,జావేద్
jiguru,జిగురు,జిగురు
jigurunu,జిగురును,జిగురును
jimmii,జిమ్మీ,జిమ్మీ
jimmy,జిమ్మీ,జిమ్మీ
zimmy,జిమ్మీ,జిమ్మీ
jiraaphii,జిరాఫీ,జిరాఫీ
jean,జీన్,జీన్
jeen,జీన్,జీన్
jiin,జీన్,జీన్
zean,జీన్,జీన్
jeans,జీన్స్,జీన్స్
jeens,జీన్స్,జీన్స్
jiins,జీన్స్,జీన్స్
zeans,జీన్స్,జీన్స్
juunior,జూనియర్,జూనియర్
jetti,జెట్టి,జెట్టి
gen,జెన్,జెన్
jen,జెన్,జెన్
zen,జెన్,జెన్
jennee,జెన్నీ,జెన్నీ
jenny,జెన్నీ,జెన్నీ
zenny,జెన్నీ,జెన్నీ
jessee,జెస్సీ,జెస్సీ
jessi,జెస్సీ,జెస్సీ
jessie,జెస్సీ,జెస్సీ
jessiie,జెస్సీ,జెస్సీ
zessie,జెస్సీ,జెస్సీ
jyeeshtha,జ్యేష్ఠ,జ్యేష్ఠ
jyoothisha,జ్యోతిష,జ్యోతిష
jyootisha,జ్యోతిష,జ్యోతిష
jvaramthoo,జ్వరంతో,జ్వరంతో
jvaramtoo,జ్వరంతో,జ్వరంతో
ticket,టికెట్,టికెట్
ticqet,టికెట్,టికెట్
ten,టెన్,టెన్
taimar,టైమర్,టైమర్
traavel,ట్రావెల్,ట్రావెల్
doctoru,డాక్టరు,డాక్టరు
doctorugaa,డాక్టరుగా,డాక్టరుగా
dick,డిక్,డిక్
dicq,డిక్,డిక్
dik,డిక్,డిక్
dikk,డిక్,డిక్
degreela,డిగ్రీల,డిగ్రీల
depaarture,డిపార్చర్,డిపార్చర్
departchar,డిపార్చర్,డిపార్చర్
departure,డిపార్చర్,డిపార్చర్
dim,డిమ్,డిమ్
deel,డీల్,డీల్
deth,డెత్,డెత్
dailaag,డైలాగ్,డైలాగ్
dialog,డైలాగ్,డైలాగ్
taginanta,తగినంత,తగినంత
thaginantha,తగినంత,తగినంత
taginavi,తగినవి,తగినవి
thaginavi,తగినవి,తగినవి
tattu,తట్టు,తట్టు
thattu,తట్టు,తట్టు
tattukunae,తట్టుకునే,తట్టుకునే
thattukune,తట్టుకునే,తట్టుకునే
tadichi,తడిచి,తడిచి
thadichi,తడిచి,తడిచి
tatvavaetta,తత్వవేత్త,తత్వవేత్త
tatvavaettagaa,తత్వవేత్తగా,తత్వవేత్తగా
tadanamtara,తదనంతర,తదనంతర
tadanantara,తదనంతర,తదనంతర
taditarulatho,తదితరులతో,తదితరులతో
taditarulatoe,తదితరులతో,తదితరులతో
taditarulanu,తదితరులను,తదితరులను
tanakuu,తనకూ,తనకూ
thanakuu,తనకూ,తనకూ
tanaviga,తనవిగా,తనవిగా
thanaviga,తనవిగా,తనవిగా
tanikhii,తనిఖీ,తనిఖీ
tannina,తన్నిన,తన్నిన
thannina,తన్నిన,తన్నిన
tappinchu,తప్పించు,తప్పించు
thappinchu,తప్పించు,తప్పించు
tamaku,తమకు,తమకు
thamaku,తమకు,తమకు
tayaraina,తయారైన,తయారైన
thayaaraina,తయారైన,తయారైన
thara,తర,తర
tarangalanu,తరంగాలను,తరంగాలను
tharamgaalanu,తరంగాలను,తరంగాలను
taranginhi,తరంగిణి,తరంగిణి
taraalu,తరాలు,తరాలు
tharaalu,తరాలు,తరాలు
tarimchina,తరించిన,తరించిన
tarinchina,తరించిన,తరించిన
tharuvaathi,తరువాతి,తరువాతి
tharka,తర్క,తర్క
tarkaanni,తర్కాన్ని,తర్కాన్ని
tharkaanni,తర్కాన్ని,తర్కాన్ని
thalapimchey,తలపించే,తలపించే
thalapinche,తలపించే,తలపించే
thalapinchee,తలపించే,తలపించే
thaletthi,తలెత్తి,తలెత్తి
tavvimchina,తవ్వించిన,తవ్వించిన
thavvinchina,తవ్వించిన,తవ్వించిన
tavvina,తవ్విన,తవ్విన
thavvina,తవ్విన,తవ్విన
tavvae,తవ్వే,తవ్వే
thavve,తవ్వే,తవ్వే
taamdava,తాండవ,తాండవ
taandava,తాండవ,తాండవ
thaandava,తాండవ,తాండవ
taagadam,తాగడం,తాగడం
thaagadam,తాగడం,తాగడం
taagadaaniki,తాగడానికి,తాగడానికి
thaagadaaniki,తాగడానికి,తాగడానికి
taagaalani,తాగాలని,తాగాలని
thaagaalani,తాగాలని,తాగాలని
taagindi,తాగింది,తాగింది
thaagimdi,తాగింది,తాగింది
thaagindhi,తాగింది,తాగింది
taataaraavu,తాతారావు,తాతారావు
taanugaa,తానుగా,తానుగా
thaanugaa,తానుగా,తానుగా
taanunu,తానును,తానును
thaanunu,తానును,తానును
taamaraaku,తామరాకు,తామరాకు
thaamaraaku,తామరాకు,తామరాకు
taamugaa,తాముగా,తాముగా
thaamugaa,తాముగా,తాముగా
taaranu,తారను,తారను
thaaranu,తారను,తారను
taaralaku,తారలకు,తారలకు
thaaralaku,తారలకు,తారలకు
taaralu,తారలు,తారలు
thaaralu,తారలు,తారలు
taaralugaa,తారలుగా,తారలుగా
thaaralugaa,తారలుగా,తారలుగా
thaalib,తాలిబ్,తాలిబ్
thiththula,తిత్తుల,తిత్తుల
thitthula,తిత్తుల,తిత్తుల
tittula,తిత్తుల,తిత్తుల
thippadam,తిప్పడం,తిప్పడం
tippadam,తిప్పడం,తిప్పడం
thippalu,తిప్పలు,తిప్పలు
thippaali,తిప్పాలి,తిప్పాలి
tippaali,తిప్పాలి,తిప్పాలి
thippindhi,తిప్పింది,తిప్పింది
tippindi,తిప్పింది,తిప్పింది
thippina,తిప్పిన,తిప్పిన
tippina,తిప్పిన,తిప్పిన
thimmana,తిమ్మన,తిమ్మన
timmana,తిమ్మన,తిమ్మన
therakundaa,తీరకుండా,తీరకుండా
theeraa,తీరా,తీరా
theeraaniki,తీరానికి,తీరానికి
theeraanni,తీరాన్ని,తీరాన్ని
theeraala,తీరాల,తీరాల
theerindhi,తీరింది,తీరింది
theerindi,తీరింది,తీరింది
theerina,తీరిన,తీరిన
thirina,తీరిన,తీరిన
tirina,తీరిన,తీరిన
theesukookundaa,తీసుకోకుండా,తీసుకోకుండా
tiisukoekumdaa,తీసుకోకుండా,తీసుకోకుండా
theesukoogaa,తీసుకోగా,తీసుకోగా
tiisukoegaa,తీసుకోగా,తీసుకోగా
theesukoogaanee,తీసుకోగానే,తీసుకోగానే
thisukogaane,తీసుకోగానే,తీసుకోగానే
tisukogaane,తీసుకోగానే,తీసుకోగానే
tisukogane,తీసుకోగానే,తీసుకోగానే
thurumu,తురుము,తురుము
turumu,తురుము,తురుము
teranu,తెరను,తెరను
terapaina,తెరపైన,తెరపైన
teramiidiki,తెరమీదికి,తెరమీదికి
telamgaanha,తెలంగాణ,తెలంగాణ
telamgaanham,తెలంగాణం,తెలంగాణం
telanganam,తెలంగాణం,తెలంగాణం
telamgaanhaku,తెలంగాణకు,తెలంగాణకు
telamgaanhanu,తెలంగాణను,తెలంగాణను
telangananu,తెలంగాణను,తెలంగాణను
telangaanaa,తెలంగాణా,తెలంగాణా
telanganaa,తెలంగాణా,తెలంగాణా
telipae,తెలిపే,తెలిపే
telipe,తెలిపే,తెలిపే
telusu,తెలుసు,తెలుసు
thelusu,తెలుసు,తెలుసు
thelusukoovatam,తెలుసుకోవటం,తెలుసుకోవటం
thelusukovatam,తెలుసుకోవటం,తెలుసుకోవటం
thaejaswini,తేజస్విని,తేజస్విని
theejasvini,తేజస్విని,తేజస్విని
thejasvini,తేజస్విని,తేజస్విని
thelchadam,తేల్చడం,తేల్చడం
teelchaali,తేల్చాలి,తేల్చాలి
teelchindi,తేల్చింది,తేల్చింది
thelchindi,తేల్చింది,తేల్చింది
tevadam,తేవడం,తేవడం
thevadam,తేవడం,తేవడం
thaittireeya,తైత్తిరీయ,తైత్తిరీయ
todella,తోడేళ్ళ,తోడేళ్ళ
thooluku,తోలుకు,తోలుకు
toeluku,తోలుకు,తోలుకు
thyaagam,త్యాగం,త్యాగం
tyaagam,త్యాగం,త్యాగం
tyagam,త్యాగం,త్యాగం
thravvakam,త్రవ్వకం,త్రవ్వకం
travvakam,త్రవ్వకం,త్రవ్వకం
dhaman,థమన్,థమన్
dagaa,దగా,దగా
dayaanamda,దయానంద,దయానంద
dayyaalu,దయ్యాలు,దయ్యాలు
darjee,దర్జీ,దర్జీ
dharjee,దర్జీ,దర్జీ
dharbaaru,దర్బారు,దర్బారు
darsanaaniki,దర్శనానికి,దర్శనానికి
darshanaaniki,దర్శనానికి,దర్శనానికి
dharsanaaniki,దర్శనానికి,దర్శనానికి
darsanaanni,దర్శనాన్ని,దర్శనాన్ని
dharsanaanni,దర్శనాన్ని,దర్శనాన్ని
darshi,దర్శి,దర్శి
darsi,దర్శి,దర్శి
dharsi,దర్శి,దర్శి
dasaku,దశకు,దశకు
dhashaku,దశకు,దశకు
dasaluga,దశలుగా,దశలుగా
dasalugaa,దశలుగా,దశలుగా
dhasalugaa,దశలుగా,దశలుగా
dasaabdaalu,దశాబ్దాలు,దశాబ్దాలు
dasabdalu,దశాబ్దాలు,దశాబ్దాలు
dhashaabdhaalu,దశాబ్దాలు,దశాబ్దాలు
daadi,దాడి,దాడి
dhadi,దాడి,దాడి
daadiki,దాడికి,దాడికి
dhadiki,దాడికి,దాడికి
daadigaa,దాడిగా,దాడిగా
dhadiga,దాడిగా,దాడిగా
daaditho,దాడితో,దాడితో
daadithoo,దాడితో,దాడితో
daadito,దాడితో,దాడితో
dhadito,దాడితో,దాడితో
daadilo,దాడిలో,దాడిలో
daadiloo,దాడిలో,దాడిలో
dhadilo,దాడిలో,దాడిలో
daathalu,దాతలు,దాతలు
daariki,దారికి,దారికి
dhaariki,దారికి,దారికి
daarina,దారిన,దారిన
dhaarina,దారిన,దారిన
daarilo,దారిలో,దారిలో
daariloo,దారిలో,దారిలో
daariloni,దారిలోని,దారిలోని
daarilooni,దారిలోని,దారిలోని
daarilone,దారిలోనే,దారిలోనే
daariloone,దారిలోనే,దారిలోనే
daarudu,దారుడు,దారుడు
daasee,దాసీ,దాసీ
daasii,దాసీ,దాసీ
dhaasee,దాసీ,దాసీ
dhaasie,దాసీ,దాసీ
digadam,దిగడం,దిగడం
dhigabadina,దిగబడిన,దిగబడిన
dhigaadu,దిగాడు,దిగాడు
digaadu,దిగాడు,దిగాడు
dhigaaru,దిగారు,దిగారు
digaaru,దిగారు,దిగారు
dhigindhi,దిగింది,దిగింది
digindhi,దిగింది,దిగింది
digindi,దిగింది,దిగింది
dhigudu,దిగుడు,దిగుడు
digudu,దిగుడు,దిగుడు
dhivaan,దివాన్,దివాన్
divaan,దివాన్,దివాన్
divan,దివాన్,దివాన్
divya,దివ్య,దివ్య
dhivyabhaarathi,దివ్యభారతి,దివ్యభారతి
dhivyamaina,దివ్యమైన,దివ్యమైన
divyamaina,దివ్యమైన,దివ్యమైన
divyamyna,దివ్యమైన,దివ్యమైన
dishaa,దిశా,దిశా
deeniki,దీనికి,దీనికి
dheeniki,దీనికి,దీనికి
dheepaala,దీపాల,దీపాల
diipaala,దీపాల,దీపాల
dheepaalatho,దీపాలతో,దీపాలతో
dhusthithi,దుస్థితి,దుస్థితి
dusthithi,దుస్థితి,దుస్థితి
dusthiti,దుస్థితి,దుస్థితి
dhoopa,దూప,దూప
dhupa,దూప,దూప
debbathinna,దెబ్బతిన్న,దెబ్బతిన్న
daeniki,దేనికి,దేనికి
deniki,దేనికి,దేనికి
daeniloenuu,దేనిలోనూ,దేనిలోనూ
denilonu,దేనిలోనూ,దేనిలోనూ
deevathalu,దేవతలు,దేవతలు
devatalu,దేవతలు,దేవతలు
devathalu,దేవతలు,దేవతలు
deevaalayam,దేవాలయం,దేవాలయం
dheevaalayam,దేవాలయం,దేవాలయం
deevaalayampai,దేవాలయంపై,దేవాలయంపై
dheevaalayampai,దేవాలయంపై,దేవాలయంపై
deevaalayamlooni,దేవాలయంలోని,దేవాలయంలోని
dheevaalayamlooni,దేవాలయంలోని,దేవాలయంలోని
deevaalayamunu,దేవాలయమును,దేవాలయమును
dheevaalayamunu,దేవాలయమును,దేవాలయమును
deevaalayamulu,దేవాలయములు,దేవాలయములు
devaalayamulu,దేవాలయములు,దేవాలయములు
dheevaalayamulu,దేవాలయములు,దేవాలయములు
deeshamunaku,దేశమునకు,దేశమునకు
desamunaku,దేశమునకు,దేశమునకు
deshamunaku,దేశమునకు,దేశమునకు
deeshamaina,దేశమైన,దేశమైన
desamaina,దేశమైన,దేశమైన
deshamaina,దేశమైన,దేశమైన
deeshaanni,దేశాన్ని,దేశాన్ని
desanni,దేశాన్ని,దేశాన్ని
dheshaanni,దేశాన్ని,దేశాన్ని
deeshi,దేశి,దేశి
dheshi,దేశి,దేశి
dongaku,దొంగకు,దొంగకు
dongagaa,దొంగగా,దొంగగా
dongatanaala,దొంగతనాల,దొంగతనాల
dongani,దొంగని,దొంగని
dongalaa,దొంగలా,దొంగలా
dongalu,దొంగలు,దొంగలు
dongaa,దొంగా,దొంగా
dhraakshaloo,ద్రాక్షలో,ద్రాక్షలో
dvaarakaa,ద్వారకా,ద్వారకా
dveepa,ద్వీప,ద్వీప
dvepa,ద్వీప,ద్వీప
dweepa,ద్వీప,ద్వీప
dveepanni,ద్వీపాన్ని,ద్వీపాన్ని
dvepanni,ద్వీపాన్ని,ద్వీపాన్ని
dvipanni,ద్వీపాన్ని,ద్వీపాన్ని
dweepanni,ద్వీపాన్ని,ద్వీపాన్ని
dhanunjaya,ధనుంజయ,ధనుంజయ
dharato,ధరతో,ధరతో
dharalu,ధరలు,ధరలు
dharisthoo,ధరిస్తూ,ధరిస్తూ
dharistu,ధరిస్తూ,ధరిస్తూ
dhanyamunu,ధాన్యమును,ధాన్యమును
dhaarmika,ధార్మిక,ధార్మిక
dhairyam,ధైర్యం,ధైర్యం
dhairyamu,ధైర్యము,ధైర్యము
dhairyaaniki,ధైర్యానికి,ధైర్యానికి
dhairyaniki,ధైర్యానికి,ధైర్యానికి
dhyaanamu,ధ్యానము,ధ్యానము
dhyanamu,ధ్యానము,ధ్యానము
dhyaanaanni,ధ్యానాన్ని,ధ్యానాన్ని
dhyananni,ధ్యానాన్ని,ధ్యానాన్ని
dhyaaninchi,ధ్యానించి,ధ్యానించి
dhyaaninchuchu,ధ్యానించుచు,ధ్యానించుచు
nandhuku,నందుకు,నందుకు
nanduku,నందుకు,నందుకు
nagaraallo,నగరాల్లో,నగరాల్లో
nacchi,నచ్చి,నచ్చి
nachhi,నచ్చి,నచ్చి
nachi,నచ్చి,నచ్చి
nacchae,నచ్చే,నచ్చే
nachhe,నచ్చే,నచ్చే
natisthoone,నటిస్తూనే,నటిస్తూనే
natisthune,నటిస్తూనే,నటిస్తూనే
natistoone,నటిస్తూనే,నటిస్తూనే
natistuunee,నటిస్తూనే,నటిస్తూనే
nateemanulu,నటీమణులు,నటీమణులు
natiimanulu,నటీమణులు,నటీమణులు
natulu,నటులు,నటులు
nadachi,నడచి,నడచి
nadachina,నడచిన,నడచిన
nadavadaaniki,నడవడానికి,నడవడానికి
nadavadaniki,నడవడానికి,నడవడానికి
nadimi,నడిమి,నడిమి
naduchu,నడుచు,నడుచు
nadhini,నదిని,నదిని
nadhilooki,నదిలోకి,నదిలోకి
nadiloki,నదిలోకి,నదిలోకి
nammaru,నమ్మరు,నమ్మరు
nammi,నమ్మి,నమ్మి
nayam,నయం,నయం
narasimgaraavu,నరసింగరావు,నరసింగరావు
narasingaraavu,నరసింగరావు,నరసింగరావు
narasingarao,నరసింగరావు,నరసింగరావు
nala,నల,నల
naludu,నలుడు,నలుడు
nalgonda,నల్గొండ,నల్గొండ
nallapareddi,నల్లపరెడ్డి,నల్లపరెడ్డి
nallapareddy,నల్లపరెడ్డి,నల్లపరెడ్డి
navambaru,నవంబరు,నవంబరు
navambarulo,నవంబరులో,నవంబరులో
navambaruloe,నవంబరులో,నవంబరులో
navaneeth,నవనీత్,నవనీత్
navarasa,నవరస,నవరస
navi,నవి,నవి
naveen,నవీన్,నవీన్
naviin,నవీన్,నవీన్
naatadam,నాటడం,నాటడం
naate,నాటే,నాటే
naateenduku,నాటేందుకు,నాటేందుకు
naatendhuku,నాటేందుకు,నాటేందుకు
naana,నాన,నాన
naanudi,నానుడి,నానుడి
naayaku,నాయకు,నాయకు
nayaku,నాయకు,నాయకు
naayakudi,నాయకుడి,నాయకుడి
nayakudi,నాయకుడి,నాయకుడి
naayakudini,నాయకుడిని,నాయకుడిని
nayakudini,నాయకుడిని,నాయకుడిని
naayakulugaa,నాయకులుగా,నాయకులుగా
naaloe,నాలో,నాలో
naaloo,నాలో,నాలో
naasthikudu,నాస్తికుడు,నాస్తికుడు
naastikudu,నాస్తికుడు,నాస్తికుడు
nikshiptam,నిక్షిప్తం,నిక్షిప్తం
nikshiptham,నిక్షిప్తం,నిక్షిప్తం
nicchena,నిచ్చెన,నిచ్చెన
nichchena,నిచ్చెన,నిచ్చెన
nijaayathee,నిజాయతీ,నిజాయతీ
nipunhudu,నిపుణుడు,నిపుణుడు
nipunudu,నిపుణుడు,నిపుణుడు
nibandhanalanu,నిబంధనలను,నిబంధనలను
nimishamlo,నిమిషంలో,నిమిషంలో
nimishamloo,నిమిషంలో,నిమిషంలో
nimishaaniki,నిమిషానికి,నిమిషానికి
nimishaniki,నిమిషానికి,నిమిషానికి
nimishaallo,నిమిషాల్లో,నిమిషాల్లో
nimishaalloo,నిమిషాల్లో,నిమిషాల్లో
nimishallo,నిమిషాల్లో,నిమిషాల్లో
nimushaala,నిముషాల,నిముషాల
nimushaalaku,నిముషాలకు,నిముషాలకు
nimushalaku,నిముషాలకు,నిముషాలకు
nirasanagaa,నిరసనగా,నిరసనగా
nirodhakata,నిరోధకత,నిరోధకత
niroodhakata,నిరోధకత,నిరోధకత
nirodhinchadamlo,నిరోధించడంలో,నిరోధించడంలో
niroodhinchadamloo,నిరోధించడంలో,నిరోధించడంలో
nirodhinchadaaniki,నిరోధించడానికి,నిరోధించడానికి
niroodhinchadaaniki,నిరోధించడానికి,నిరోధించడానికి
niroodhinchenduku,నిరోధించేందుకు,నిరోధించేందుకు
nirdhaarinchadam,నిర్ధారించడం,నిర్ధారించడం
nirdaarinchadaaniki,నిర్ధారించడానికి,నిర్ధారించడానికి
nirdhaarinchadaaniki,నిర్ధారించడానికి,నిర్ధారించడానికి
nirdhaarinchindi,నిర్ధారించింది,నిర్ధారించింది
nirdhaarimchae,నిర్ధారించే,నిర్ధారించే
nirdhaarinche,నిర్ధారించే,నిర్ధారించే
nirmimpa,నిర్మింప,నిర్మింప
nirmuulinchi,నిర్మూలించి,నిర్మూలించి
nirvachimchadam,నిర్వచించడం,నిర్వచించడం
nirvachinchadam,నిర్వచించడం,నిర్వచించడం
nirvachimchina,నిర్వచించిన,నిర్వచించిన
nirvachinchina,నిర్వచించిన,నిర్వచించిన
nirvachimchae,నిర్వచించే,నిర్వచించే
nirvachinche,నిర్వచించే,నిర్వచించే
nirvaahakudu,నిర్వాహకుడు,నిర్వాహకుడు
nilichinaa,నిలిచినా,నిలిచినా
nivarinchadaniki,నివారించడానికి,నివారించడానికి
nivaasamaina,నివాసమైన,నివాసమైన
nivasamaina,నివాసమైన,నివాసమైన
nivaasaaniki,నివాసానికి,నివాసానికి
nivaasaanni,నివాసాన్ని,నివాసాన్ని
nivasanni,నివాసాన్ని,నివాసాన్ని
nivaasi,నివాసి,నివాసి
nivasi,నివాసి,నివాసి
nischita,నిశ్చిత,నిశ్చిత
nishedhinchadam,నిషేధించడం,నిషేధించడం
nishedhinchaadu,నిషేధించాడు,నిషేధించాడు
nishedhinchaaru,నిషేధించారు,నిషేధించారు
nishedhincharu,నిషేధించారు,నిషేధించారు
nishedhinchi,నిషేధించి,నిషేధించి
niiluni,నీలుని,నీలుని
nunchuni,నుంచుని,నుంచుని
nundi,నుండి,నుండి
nundina,నుండిన,నుండిన
noothanamga,నూతనంగా,నూతనంగా
noothan,నూతన్,నూతన్
nruthyaaniki,నృత్యానికి,నృత్యానికి
nrutyaaniki,నృత్యానికి,నృత్యానికి
nruthyaanni,నృత్యాన్ని,నృత్యాన్ని
nrutyaanni,నృత్యాన్ని,నృత్యాన్ని
nelakonna,నెలకొన్న,నెలకొన్న
neenai,నేనై,నేనై
nenai,నేనై,నేనై
neerangaa,నేరంగా,నేరంగా
neramga,నేరంగా,నేరంగా
neramgaa,నేరంగా,నేరంగా
neereedu,నేరేడు,నేరేడు
neredu,నేరేడు,నేరేడు
naelapaina,నేలపైన,నేలపైన
neelapaina,నేలపైన,నేలపైన
nailaan,నైలాన్,నైలాన్
nota,నోట,నోట
noomu,నోము,నోము
panchakamu,పంచకము,పంచకము
punchakamu,పంచకము,పంచకము
panjaab,పంజాబ్,పంజాబ్
punjab,పంజాబ్,పంజాబ్
punzab,పంజాబ్,పంజాబ్
pandaka,పండక,పండక
pandagaa,పండగా,పండగా
pakkuna,పక్కున,పక్కున
pakshaaniki,పక్షానికి,పక్షానికి
pakshaala,పక్షాల,పక్షాల
pagadaalu,పగడాలు,పగడాలు
pacchiga,పచ్చిగా,పచ్చిగా
pachchigaa,పచ్చిగా,పచ్చిగా
pacchigane,పచ్చిగానే,పచ్చిగానే
pachchigaane,పచ్చిగానే,పచ్చిగానే
pachigaanee,పచ్చిగానే,పచ్చిగానే
pattanha,పట్టణ,పట్టణ
pattanhaaniki,పట్టణానికి,పట్టణానికి
pattina,పట్టిన,పట్టిన
pattinadi,పట్టినది,పట్టినది
padakundaa,పడకుండా,పడకుండా
pathra,పత్ర,పత్ర
patra,పత్ర,పత్ర
pathrikalaku,పత్రికలకు,పత్రికలకు
patrikalaku,పత్రికలకు,పత్రికలకు
pathrikalathoo,పత్రికలతో,పత్రికలతో
patrikalathoo,పత్రికలతో,పత్రికలతో
patrikalatoe,పత్రికలతో,పత్రికలతో
pathrikalanu,పత్రికలను,పత్రికలను
patrikalanu,పత్రికలను,పత్రికలను
patrikalaloenuu,పత్రికలలోనూ,పత్రికలలోనూ
patrikaluu,పత్రికలూ,పత్రికలూ
padhilangaa,పదిలంగా,పదిలంగా
padilangaa,పదిలంగా,పదిలంగా
padmanaabham,పద్మనాభం,పద్మనాభం
padhyam,పద్యం,పద్యం
padyam,పద్యం,పద్యం
panitanam,పనితనం,పనితనం
panithanam,పనితనం,పనితనం
pannaagam,పన్నాగం,పన్నాగం
pannu,పన్ను,పన్ను
parachaaru,పరచారు,పరచారు
parachaalani,పరచాలని,పరచాలని
parachi,పరచి,పరచి
parachimdi,పరచింది,పరచింది
parachindi,పరచింది,పరచింది
parabhaasha,పరభాష,పరభాష
paramapadamu,పరమపదము,పరమపదము
paramapadinchaaru,పరమపదించారు,పరమపదించారు
paramapadincharu,పరమపదించారు,పరమపదించారు
paramaathmanu,పరమాత్మను,పరమాత్మను
paramaatmanu,పరమాత్మను,పరమాత్మను
paramaatmanae,పరమాత్మనే,పరమాత్మనే
paramaatmane,పరమాత్మనే,పరమాత్మనే
paramaatmaa,పరమాత్మా,పరమాత్మా
paramaatmuni,పరమాత్ముని,పరమాత్ముని
parikaramu,పరికరము,పరికరము
parikaramulu,పరికరములు,పరికరములు
parikaraaniki,పరికరానికి,పరికరానికి
parikaraanni,పరికరాన్ని,పరికరాన్ని
parinaamaaniki,పరిణామానికి,పరిణామానికి
parinhaamaaniki,పరిణామానికి,పరిణామానికి
parinaamaanni,పరిణామాన్ని,పరిణామాన్ని
parinhaamaanni,పరిణామాన్ని,పరిణామాన్ని
parinaamaalu,పరిణామాలు,పరిణామాలు
paripaalakulu,పరిపాలకులు,పరిపాలకులు
paripalakulu,పరిపాలకులు,పరిపాలకులు
parirakshimchae,పరిరక్షించే,పరిరక్షించే
parirakshinchae,పరిరక్షించే,పరిరక్షించే
parirakshinchee,పరిరక్షించే,పరిరక్షించే
parishuddamaina,పరిశుద్ధమైన,పరిశుద్ధమైన
parisuddhamaina,పరిశుద్ధమైన,పరిశుద్ధమైన
parisramala,పరిశ్రమల,పరిశ్రమల
parisramalalo,పరిశ్రమలలో,పరిశ్రమలలో
parisramalaloe,పరిశ్రమలలో,పరిశ్రమలలో
paruchoori,పరుచూరి,పరుచూరి
paruchuuri,పరుచూరి,పరుచూరి
paryavasaanaalanu,పర్యవసానాలను,పర్యవసానాలను
parvam,పర్వం,పర్వం
palakadam,పలకడం,పలకడం
palakadaaniki,పలకడానికి,పలకడానికి
palakaa,పలకా,పలకా
palachaga,పలచగా,పలచగా
palachagaa,పలచగా,పలచగా
palachani,పలచని,పలచని
pallakilo,పల్లకిలో,పల్లకిలో
pallakiloe,పల్లకిలో,పల్లకిలో
pallakiloo,పల్లకిలో,పల్లకిలో
pallakee,పల్లకీ,పల్లకీ
pallakii,పల్లకీ,పల్లకీ
pasitanam,పసితనం,పసితనం
paandithya,పాండిత్య,పాండిత్య
paandithyam,పాండిత్యం,పాండిత్యం
paandithyaanni,పాండిత్యాన్ని,పాండిత్యాన్ని
paamdu,పాండు,పాండు
paandu,పాండు,పాండు
paakisdhaan,పాకిస్థాన్,పాకిస్థాన్
paakshika,పాక్షిక,పాక్షిక
paatar,పాటర్,పాటర్
paadina,పాడిన,పాడిన
paadukune,పాడుకునే,పాడుకునే
paathavi,పాతవి,పాతవి
paaramparya,పారంపర్య,పారంపర్య
paaraayanha,పారాయణ,పారాయణ
paaraayanamu,పారాయణము,పారాయణము
paaraayanhamu,పారాయణము,పారాయణము
paarindhi,పారింది,పారింది
paarindi,పారింది,పారింది
paarudala,పారుదల,పారుదల
paartanars,పార్టనర్స్,పార్టనర్స్
paartanrs,పార్టనర్స్,పార్టనర్స్
paalpadatam,పాల్పడటం,పాల్పడటం
paalpadindhi,పాల్పడింది,పాల్పడింది
paalpadindi,పాల్పడింది,పాల్పడింది
paasaina,పాసైన,పాసైన
pasaina,పాసైన,పాసైన
paastaa,పాస్తా,పాస్తా
pindaaniki,పిండానికి,పిండానికి
pindaniki,పిండానికి,పిండానికి
picca,పిక్క,పిక్క
pikka,పిక్క,పిక్క
pinni,పిన్ని,పిన్ని
pillar,పిల్లర్,పిల్లర్
piller,పిల్లర్,పిల్లర్
peel,పీల్,పీల్
piil,పీల్,పీల్
pundu,పుండు,పుండు
punthalu,పుంతలు,పుంతలు
putte,పుట్టే,పుట్టే
puttee,పుట్టే,పుట్టే
purapaalaka,పురపాలక,పురపాలక
purapalaka,పురపాలక,పురపాలక
puraanamu,పురాణము,పురాణము
puraanhamu,పురాణము,పురాణము
puraanamulanu,పురాణములను,పురాణములను
puraanhamulanu,పురాణములను,పురాణములను
puraanhamulaloo,పురాణములలో,పురాణములలో
puraanamulo,పురాణములో,పురాణములో
puraanhamuloo,పురాణములో,పురాణములో
puraathanamaina,పురాతనమైన,పురాతనమైన
puvvula,పువ్వుల,పువ్వుల
puvvulatho,పువ్వులతో,పువ్వులతో
puvvulathoo,పువ్వులతో,పువ్వులతో
puvvulato,పువ్వులతో,పువ్వులతో
puvvulanu,పువ్వులను,పువ్వులను
puvvulalo,పువ్వులలో,పువ్వులలో
puvvulaloo,పువ్వులలో,పువ్వులలో
pushya,పుష్య,పుష్య
poojalanu,పూజలను,పూజలను
poojalalo,పూజలలో,పూజలలో
poojalaloo,పూజలలో,పూజలలో
poojimchadam,పూజించడం,పూజించడం
poojinchadam,పూజించడం,పూజించడం
puujinchadam,పూజించడం,పూజించడం
poojimchina,పూజించిన,పూజించిన
poojinchina,పూజించిన,పూజించిన
puujinchina,పూజించిన,పూజించిన
poojimpa,పూజింప,పూజింప
poojinpa,పూజింప,పూజింప
puujimpa,పూజింప,పూజింప
puudika,పూడిక,పూడిక
pooritha,పూరిత,పూరిత
pooritamaina,పూరితమైన,పూరితమైన
poorithamaina,పూరితమైన,పూరితమైన
puusi,పూసి,పూసి
pempudu,పెంపుడు,పెంపుడు
penpudu,పెంపుడు,పెంపుడు
pekku,పెక్కు,పెక్కు
pettelo,పెట్టెలో,పెట్టెలో
petteloe,పెట్టెలో,పెట్టెలో
petteloo,పెట్టెలో,పెట్టెలో
pedataadu,పెడతాడు,పెడతాడు
pedathaadu,పెడతాడు,పెడతాడు
peduthundagaa,పెడుతుండగా,పెడుతుండగా
pedutundagaa,పెడుతుండగా,పెడుతుండగా
penamlo,పెనంలో,పెనంలో
penamloe,పెనంలో,పెనంలో
penamloo,పెనంలో,పెనంలో
pennii,పెన్నీ,పెన్నీ
pennulu,పెన్నులు,పెన్నులు
perigi,పెరిగి,పెరిగి
perugudala,పెరుగుదల,పెరుగుదల
perugudhala,పెరుగుదల,పెరుగుదల
perugudalanu,పెరుగుదలను,పెరుగుదలను
perugudhalanu,పెరుగుదలను,పెరుగుదలను
perennika,పేరెన్నిక,పేరెన్నిక
paerlaku,పేర్లకు,పేర్లకు
perlaku,పేర్లకు,పేర్లకు
paerlathoo,పేర్లతో,పేర్లతో
paerlato,పేర్లతో,పేర్లతో
perlatho,పేర్లతో,పేర్లతో
perlato,పేర్లతో,పేర్లతో
paerlanu,పేర్లను,పేర్లను
perlanu,పేర్లను,పేర్లను
paerlalo,పేర్లలో,పేర్లలో
paerlaloo,పేర్లలో,పేర్లలో
perlalo,పేర్లలో,పేర్లలో
pain,పైన్,పైన్
paipulu,పైపులు,పైపులు
paibhaagaanni,పైభాగాన్ని,పైభాగాన్ని
pomdaali,పొందాలి,పొందాలి
pondaali,పొందాలి,పొందాలి
pondhaali,పొందాలి,పొందాలి
pomdinattu,పొందినట్టు,పొందినట్టు
pondhinattu,పొందినట్టు,పొందినట్టు
pondinattu,పొందినట్టు,పొందినట్టు
pomdinavi,పొందినవి,పొందినవి
pondinavi,పొందినవి,పొందినవి
pomdutaam,పొందుతాం,పొందుతాం
pondutaam,పొందుతాం,పొందుతాం
pondutunna,పొందుతున్న,పొందుతున్న
pondae,పొందే,పొందే
ponde,పొందే,పొందే
pondevaaru,పొందేవారు,పొందేవారు
pondheevaaru,పొందేవారు,పొందేవారు
pottalo,పొట్టలో,పొట్టలో
pottaloo,పొట్టలో,పొట్టలో
podhupugaa,పొదుపుగా,పొదుపుగా
podhupunu,పొదుపును,పొదుపును
poedu,పోడు,పోడు
poodu,పోడు,పోడు
potunnadi,పోతున్నది,పోతున్నది
potunnaaru,పోతున్నారు,పోతున్నారు
poenichchadu,పోనిచ్చాడు,పోనిచ్చాడు
pooyaaraa,పోయారా,పోయారా
poyaaraa,పోయారా,పోయారా
pol,పోల్,పోల్
pole,పోల్,పోల్
poll,పోల్,పోల్
poeshimchaaru,పోషించారు,పోషించారు
pooshinchaaru,పోషించారు,పోషించారు
poeshimchinadi,పోషించినది,పోషించినది
pooshinchinadi,పోషించినది,పోషించినది
poeshimchae,పోషించే,పోషించే
pooshinche,పోషించే,పోషించే
pooshinchee,పోషించే,పోషించే
poostarlu,పోస్టర్లు,పోస్టర్లు
postarlu,పోస్టర్లు,పోస్టర్లు
prakatanalaku,ప్రకటనలకు,ప్రకటనలకు
prakatanalanu,ప్రకటనలను,ప్రకటనలను
prakash,ప్రకాష్,ప్రకాష్
prajaadaranha,ప్రజాదరణ,ప్రజాదరణ
prataapa,ప్రతాప,ప్రతాప
prathaapa,ప్రతాప,ప్రతాప
prataapam,ప్రతాపం,ప్రతాపం
prathaapam,ప్రతాపం,ప్రతాపం
prathinidhulanu,ప్రతినిధులను,ప్రతినిధులను
pratinidhulanu,ప్రతినిధులను,ప్రతినిధులను
prathinidhulu,ప్రతినిధులు,ప్రతినిధులు
pratinidhulu,ప్రతినిధులు,ప్రతినిధులు
prathifalam,ప్రతిఫలం,ప్రతిఫలం
prathiphalam,ప్రతిఫలం,ప్రతిఫలం
prathifalangaa,ప్రతిఫలంగా,ప్రతిఫలంగా
pratiphalamgaa,ప్రతిఫలంగా,ప్రతిఫలంగా
prathibimba,ప్రతిబింబ,ప్రతిబింబ
pratibimba,ప్రతిబింబ,ప్రతిబింబ
pratibimbaanni,ప్రతిబింబాన్ని,ప్రతిబింబాన్ని
pratibimbimchae,ప్రతిబింబించే,ప్రతిబింబించే
pratibimbistuu,ప్రతిబింబిస్తూ,ప్రతిబింబిస్తూ
pradaesamae,ప్రదేశమే,ప్రదేశమే
pradeshame,ప్రదేశమే,ప్రదేశమే
pradheeshamee,ప్రదేశమే,ప్రదేశమే
pradhaanamgaa,ప్రధానంగా,ప్రధానంగా
pradhananga,ప్రధానంగా,ప్రధానంగా
pradhaanamaina,ప్రధానమైన,ప్రధానమైన
pradhaanamiena,ప్రధానమైన,ప్రధానమైన
pradhanamyna,ప్రధానమైన,ప్రధానమైన
pramaanha,ప్రమాణ,ప్రమాణ
pramaanhamgaa,ప్రమాణంగా,ప్రమాణంగా
pramanamga,ప్రమాణంగా,ప్రమాణంగా
pramaanhamu,ప్రమాణము,ప్రమాణము
pramanamu,ప్రమాణము,ప్రమాణము
pramaanhamulu,ప్రమాణములు,ప్రమాణములు
pramanamulu,ప్రమాణములు,ప్రమాణములు
pramaanhaanni,ప్రమాణాన్ని,ప్రమాణాన్ని
pramananni,ప్రమాణాన్ని,ప్రమాణాన్ని
pramaanhaalloe,ప్రమాణాల్లో,ప్రమాణాల్లో
pramaanhaalloo,ప్రమాణాల్లో,ప్రమాణాల్లో
pramanaalloo,ప్రమాణాల్లో,ప్రమాణాల్లో
pramiila,ప్రమీల,ప్రమీల
pramukhulatoo,ప్రముఖులతో,ప్రముఖులతో
pramukhulanu,ప్రముఖులను,ప్రముఖులను
pramukhulalo,ప్రముఖులలో,ప్రముఖులలో
pramukhulaloo,ప్రముఖులలో,ప్రముఖులలో
prayaaninchae,ప్రయాణించే,ప్రయాణించే
prayaninchey,ప్రయాణించే,ప్రయాణించే
prayaanhikulanu,ప్రయాణికులను,ప్రయాణికులను
prayaanhikulu,ప్రయాణికులు,ప్రయాణికులు
prayaanikulu,ప్రయాణికులు,ప్రయాణికులు
prayanikulu,ప్రయాణికులు,ప్రయాణికులు
pravrtti,ప్రవృత్తి,ప్రవృత్తి
pravrutti,ప్రవృత్తి,ప్రవృత్తి
pravvrhutthi,ప్రవృత్తి,ప్రవృత్తి
pravrhutthini,ప్రవృత్తిని,ప్రవృత్తిని
pravrttini,ప్రవృత్తిని,ప్రవృత్తిని
pravruttini,ప్రవృత్తిని,ప్రవృత్తిని
pravesamu,ప్రవేశము,ప్రవేశము
praveshamu,ప్రవేశము,ప్రవేశము
praveshinchakunda,ప్రవేశించకుండా,ప్రవేశించకుండా
praveshinchakundaa,ప్రవేశించకుండా,ప్రవేశించకుండా
pravesinchakunda,ప్రవేశించకుండా,ప్రవేశించకుండా
praveshinchataaniki,ప్రవేశించటానికి,ప్రవేశించటానికి
praveshinchataniki,ప్రవేశించటానికి,ప్రవేశించటానికి
pravesinchataniki,ప్రవేశించటానికి,ప్రవేశించటానికి
praveshinchadaaniki,ప్రవేశించడానికి,ప్రవేశించడానికి
praveshinchadaniki,ప్రవేశించడానికి,ప్రవేశించడానికి
pravesinchadaniki,ప్రవేశించడానికి,ప్రవేశించడానికి
pravaesinchaadu,ప్రవేశించాడు,ప్రవేశించాడు
praveshinchadu,ప్రవేశించాడు,ప్రవేశించాడు
pravesinchadu,ప్రవేశించాడు,ప్రవేశించాడు
pravaesinchi,ప్రవేశించి,ప్రవేశించి
praveshinchi,ప్రవేశించి,ప్రవేశించి
pravesinchi,ప్రవేశించి,ప్రవేశించి
pravaesinchina,ప్రవేశించిన,ప్రవేశించిన
praveshinchina,ప్రవేశించిన,ప్రవేశించిన
pravesinchina,ప్రవేశించిన,ప్రవేశించిన
pravaesinchu,ప్రవేశించు,ప్రవేశించు
praveshinchu,ప్రవేశించు,ప్రవేశించు
pravesinchu,ప్రవేశించు,ప్రవేశించు
pravaesinchae,ప్రవేశించే,ప్రవేశించే
praveshinche,ప్రవేశించే,ప్రవేశించే
pravesinche,ప్రవేశించే,ప్రవేశించే
pravaesinchaenduku,ప్రవేశించేందుకు,ప్రవేశించేందుకు
praveshinchenduku,ప్రవేశించేందుకు,ప్రవేశించేందుకు
pravesinchenduku,ప్రవేశించేందుకు,ప్రవేశించేందుకు
prasaadaraavu,ప్రసాదరావు,ప్రసాదరావు
prasaaraala,ప్రసారాల,ప్రసారాల
prasaaraalaku,ప్రసారాలకు,ప్రసారాలకు
prasaaraalu,ప్రసారాలు,ప్రసారాలు
praamthamulo,ప్రాంతములో,ప్రాంతములో
praantamuloo,ప్రాంతములో,ప్రాంతములో
praanthamulo,ప్రాంతములో,ప్రాంతములో
praana,ప్రాణ,ప్రాణ
praananga,ప్రాణంగా,ప్రాణంగా
praanamu,ప్రాణము,ప్రాణము
praanamulu,ప్రాణములు,ప్రాణములు
praanaalatho,ప్రాణాలతో,ప్రాణాలతో
praanaalato,ప్రాణాలతో,ప్రాణాలతో
praapthiki,ప్రాప్తికి,ప్రాప్తికి
praaptiki,ప్రాప్తికి,ప్రాప్తికి
praapthini,ప్రాప్తిని,ప్రాప్తిని
praaptini,ప్రాప్తిని,ప్రాప్తిని
praayamaina,ప్రాయమైన,ప్రాయమైన
praayamiena,ప్రాయమైన,ప్రాయమైన
praayamina,ప్రాయమైన,ప్రాయమైన
preeth,ప్రీత్,ప్రీత్
prench,ప్రెంచ్,ప్రెంచ్
praemikulugaa,ప్రేమికులుగా,ప్రేమికులుగా
preemikulugaa,ప్రేమికులుగా,ప్రేమికులుగా
premikulugaa,ప్రేమికులుగా,ప్రేమికులుగా
funk,ఫంక్,ఫంక్
falitam,ఫలితం,ఫలితం
falitham,ఫలితం,ఫలితం
phalitam,ఫలితం,ఫలితం
phalitham,ఫలితం,ఫలితం
faaloo,ఫాలో,ఫాలో
phaaloe,ఫాలో,ఫాలో
phaaloo,ఫాలో,ఫాలో
fijiks,ఫిజిక్స్,ఫిజిక్స్
phijiks,ఫిజిక్స్,ఫిజిక్స్
phiryaadhulanu,ఫిర్యాదులను,ఫిర్యాదులను
fud,ఫుడ్,ఫుడ్
phud,ఫుడ్,ఫుడ్
phederation,ఫెడరేషన్,ఫెడరేషన్
fel,ఫెల్,ఫెల్
fell,ఫెల్,ఫెల్
phaillhanu,ఫైళ్లను,ఫైళ్లను
flait,ఫ్లైట్,ఫ్లైట్
flight,ఫ్లైట్,ఫ్లైట్
phlait,ఫ్లైట్,ఫ్లైట్
phlight,ఫ్లైట్,ఫ్లైట్
bangaa,బంగా,బంగా
bandhinchindi,బంధించింది,బంధించింది
bacchan,బచ్చన్,బచ్చన్
bachchan,బచ్చన్,బచ్చన్
batuku,బతుకు,బతుకు
bayatapadindhi,బయటపడింది,బయటపడింది
bayatapadindi,బయటపడింది,బయటపడింది
balagaala,బలగాల,బలగాల
balagaalaku,బలగాలకు,బలగాలకు
balagaalathoo,బలగాలతో,బలగాలతో
balagaalato,బలగాలతో,బలగాలతో
balagaalatoe,బలగాలతో,బలగాలతో
balagaalanu,బలగాలను,బలగాలను
balaheenatha,బలహీనత,బలహీనత
balahiinata,బలహీనత,బలహీనత
balahinata,బలహీనత,బలహీనత
balaheenathalanu,బలహీనతలను,బలహీనతలను
balaheenathalu,బలహీనతలు,బలహీనతలు
baligaa,బలిగా,బలిగా
balishtamaina,బలిష్టమైన,బలిష్టమైన
ballapai,బల్లపై,బల్లపై
bahishkarinchadam,బహిష్కరించడం,బహిష్కరించడం
bahishkarinchaalani,బహిష్కరించాలని,బహిష్కరించాలని
bahishkarinchalani,బహిష్కరించాలని,బహిష్కరించాలని
bahishkaristhu,బహిష్కరిస్తూ,బహిష్కరిస్తూ
bahishkaristu,బహిష్కరిస్తూ,బహిష్కరిస్తూ
bahishkaristuu,బహిష్కరిస్తూ,బహిష్కరిస్తూ
bahubhaashaa,బహుభాషా,బహుభాషా
bahuruupa,బహురూప,బహురూప
bahuuruupa,బహురూప,బహురూప
baksing,బాక్సింగ్,బాక్సింగ్
boxing,బాక్సింగ్,బాక్సింగ్
baagugaa,బాగుగా,బాగుగా
baguga,బాగుగా,బాగుగా
bagugaa,బాగుగా,బాగుగా
baagunnaaraa,బాగున్నారా,బాగున్నారా
baajee,బాజీ,బాజీ
baadhyatalanu,బాధ్యతలను,బాధ్యతలను
baadhyathalanu,బాధ్యతలను,బాధ్యతలను
baavaa,బావా,బావా
bava,బావా,బావా
bijeegaa,బిజీగా,బిజీగా
bijiigaa,బిజీగా,బిజీగా
beeru,బీరు,బీరు
biiru,బీరు,బీరు
bucchi,బుచ్చి,బుచ్చి
buchchi,బుచ్చి,బుచ్చి
buddha,బుద్ధ,బుద్ధ
budha,బుధ,బుధ
bootakapu,బూటకపు,బూటకపు
buutakapu,బూటకపు,బూటకపు
bruhat,బృహత్,బృహత్
baedi,బేడి,బేడి
bedi,బేడి,బేడి
baedii,బేడీ,బేడీ
bedee,బేడీ,బేడీ
baetaalha,బేతాళ,బేతాళ
baetaalhudu,బేతాళుడు,బేతాళుడు
baesi,బేసి,బేసి
besi,బేసి,బేసి
baibil,బైబిల్,బైబిల్
bible,బైబిల్,బైబిల్
bottutho,బొట్టుతో,బొట్టుతో
bottuto,బొట్టుతో,బొట్టుతో
bommanu,బొమ్మను,బొమ్మను
bommalo,బొమ్మలో,బొమ్మలో
bommaloo,బొమ్మలో,బొమ్మలో
bommallo,బొమ్మల్లో,బొమ్మల్లో
bommalloo,బొమ్మల్లో,బొమ్మల్లో
bodhimchadam,బోధించడం,బోధించడం
bodhinchadam,బోధించడం,బోధించడం
bodhimchadaaniki,బోధించడానికి,బోధించడానికి
bodhinchadaaniki,బోధించడానికి,బోధించడానికి
bodhinchadaniki,బోధించడానికి,బోధించడానికి
bodhimchaadu,బోధించాడు,బోధించాడు
bodhinchaadu,బోధించాడు,బోధించాడు
boodhinchaadu,బోధించాడు,బోధించాడు
bodhimchindhi,బోధించింది,బోధించింది
bodhimchindi,బోధించింది,బోధించింది
bodhinchindi,బోధించింది,బోధించింది
boodhinchindi,బోధించింది,బోధించింది
bodhimchenu,బోధించెను,బోధించెను
bodhinchenu,బోధించెను,బోధించెను
boodhinchenu,బోధించెను,బోధించెను
boora,బోర,బోర
byaadmintan,బ్యాడ్మింటన్,బ్యాడ్మింటన్
blod,బ్లడ్,బ్లడ్
bhatnaagar,భట్నాగర్,భట్నాగర్
bharathudu,భరతుడు,భరతుడు
bharatudu,భరతుడు,భరతుడు
bharita,భరిత,భరిత
bharitha,భరిత,భరిత
bhavanamloni,భవనంలోని,భవనంలోని
bhavananloni,భవనంలోని,భవనంలోని
bhavanaalaku,భవనాలకు,భవనాలకు
bhawanaalaku,భవనాలకు,భవనాలకు
bhavanaalanu,భవనాలను,భవనాలను
bhawanaalanu,భవనాలను,భవనాలను
bhavanaalalo,భవనాలలో,భవనాలలో
bhawanaalalo,భవనాలలో,భవనాలలో
bhawanalalo,భవనాలలో,భవనాలలో
bhavanaalu,భవనాలు,భవనాలు
bhaagam,భాగం,భాగం
bhagam,భాగం,భాగం
bhaagamgaa,భాగంగా,భాగంగా
bhaagangaa,భాగంగా,భాగంగా
bhagamgaa,భాగంగా,భాగంగా
bhaagangaane,భాగంగానే,భాగంగానే
bhaagaswaamulaku,భాగస్వాములకు,భాగస్వాములకు
bhagaswamulaku,భాగస్వాములకు,భాగస్వాములకు
bhaagaswaamulu,భాగస్వాములు,భాగస్వాములు
bhagaswamulu,భాగస్వాములు,భాగస్వాములు
bhaagaala,భాగాల,భాగాల
bhagala,భాగాల,భాగాల
bhaagaalaku,భాగాలకు,భాగాలకు
bhagalaku,భాగాలకు,భాగాలకు
bhaagaalathoo,భాగాలతో,భాగాలతో
bhaagaalatoe,భాగాలతో,భాగాలతో
bhaagaalaloe,భాగాలలో,భాగాలలో
bhaagaalaloo,భాగాలలో,భాగాలలో
bhagalalo,భాగాలలో,భాగాలలో
bhaagaale,భాగాలే,భాగాలే
bhaaratadaesamu,భారతదేశము,భారతదేశము
bhaaratadesamu,భారతదేశము,భారతదేశము
bhaaratadaesamuloeni,భారతదేశములోని,భారతదేశములోని
bharatadesamuloni,భారతదేశములోని,భారతదేశములోని
bharathadesamulooni,భారతదేశములోని,భారతదేశములోని
bhaarati,భారతి,భారతి
bhaaratheeyula,భారతీయుల,భారతీయుల
bhaaratheeyulatho,భారతీయులతో,భారతీయులతో
bhaavaalanu,భావాలను,భావాలను
bhaavinchevaaru,భావించేవారు,భావించేవారు
bhavincheevaru,భావించేవారు,భావించేవారు
bhavinchevaru,భావించేవారు,భావించేవారు
bhaashallo,భాషల్లో,భాషల్లో
bhaashalloe,భాషల్లో,భాషల్లో
bhaashalloo,భాషల్లో,భాషల్లో
bheemili,భీమిలి,భీమిలి
bhiimili,భీమిలి,భీమిలి
bheeshmudiki,భీష్ముడికి,భీష్ముడికి
bhujangaraavu,భుజంగరావు,భుజంగరావు
bhoobhaagaaniki,భూభాగానికి,భూభాగానికి
bhoobhaagaanni,భూభాగాన్ని,భూభాగాన్ని
bhuubhaagaanni,భూభాగాన్ని,భూభాగాన్ని
bhoobhaagaalanu,భూభాగాలను,భూభాగాలను
bhuubhaagaalanu,భూభాగాలను,భూభాగాలను
bhuummeeda,భూమ్మీద,భూమ్మీద
bhulokamlo,భూలోకంలో,భూలోకంలో
bhuuloekamloe,భూలోకంలో,భూలోకంలో
bhoolookaaniki,భూలోకానికి,భూలోకానికి
bhulokaaniki,భూలోకానికి,భూలోకానికి
bhauthikangaa,భౌతికంగా,భౌతికంగా
bhouthikamga,భౌతికంగా,భౌతికంగా
mandalamu,మండలము,మండలము
mandalamulo,మండలములో,మండలములో
mandalamuloo,మండలములో,మండలములో
mandalamuloni,మండలములోని,మండలములోని
mandalamulooni,మండలములోని,మండలములోని
mantritwa,మంత్రిత్వ,మంత్రిత్వ
mamdha,మంద,మంద
manda,మంద,మంద
mamdhamgaa,మందంగా,మందంగా
mamdhamaina,మందమైన,మందమైన
mandamaina,మందమైన,మందమైన
mandhamaina,మందమైన,మందమైన
mamdhalu,మందలు,మందలు
mandhalu,మందలు,మందలు
mandhaara,మందార,మందార
mandhaaram,మందారం,మందారం
mamdugaa,మందుగా,మందుగా
mandhugaa,మందుగా,మందుగా
mandugaa,మందుగా,మందుగా
mamduni,మందుని,మందుని
mandhuni,మందుని,మందుని
manduni,మందుని,మందుని
mamdunu,మందును,మందును
mandunu,మందును,మందును
mamdulanu,మందులను,మందులను
mandulanu,మందులను,మందులను
mamdulu,మందులు,మందులు
mandulu,మందులు,మందులు
magadu,మగడు,మగడు
magavaalhlhu,మగవాళ్ళు,మగవాళ్ళు
magavaallu,మగవాళ్ళు,మగవాళ్ళు
maggam,మగ్గం,మగ్గం
maggaalu,మగ్గాలు,మగ్గాలు
magguthunna,మగ్గుతున్న,మగ్గుతున్న
maggutunna,మగ్గుతున్న,మగ్గుతున్న
macchika,మచ్చిక,మచ్చిక
machchika,మచ్చిక,మచ్చిక
matastula,మతస్తుల,మతస్తుల
mataachaaraalanu,మతాచారాలను,మతాచారాలను
mathaachaaraalanu,మతాచారాలను,మతాచారాలను
madraasuloo,మద్రాసులో,మద్రాసులో
manasantaa,మనసంతా,మనసంతా
manasanthaa,మనసంతా,మనసంతా
manasutho,మనసుతో,మనసుతో
manasuto,మనసుతో,మనసుతో
manasutoe,మనసుతో,మనసుతో
manasuna,మనసున,మనసున
manasulanu,మనసులను,మనసులను
manasuloenae,మనసులోనే,మనసులోనే
manasulone,మనసులోనే,మనసులోనే
manasuloonee,మనసులోనే,మనసులోనే
manushya,మనుష్య,మనుష్య
manoemaya,మనోమయ,మనోమయ
mannanalu,మన్ననలు,మన్ననలు
mammy,మమ్మీ,మమ్మీ
marooka,మరోక,మరోక
malamu,మలము,మలము
malayaalha,మలయాళ,మలయాళ
mavuthundhi,మవుతుంది,మవుతుంది
mavuthundi,మవుతుంది,మవుతుంది
mavutundi,మవుతుంది,మవుతుంది
mahabharatamu,మహాభారతము,మహాభారతము
mahaabhaarathaanni,మహాభారతాన్ని,మహాభారతాన్ని
mahaamuni,మహాముని,మహాముని
mahaalakshmi,మహాలక్ష్మి,మహాలక్ష్మి
mahalakshmi,మహాలక్ష్మి,మహాలక్ష్మి
mahaalaya,మహాలయ,మహాలయ
mahotsavam,మహోత్సవం,మహోత్సవం
mahotsavaalu,మహోత్సవాలు,మహోత్సవాలు
mahotsavalu,మహోత్సవాలు,మహోత్సవాలు
maanthrika,మాంత్రిక,మాంత్రిక
maantrika,మాంత్రిక,మాంత్రిక
maanthrikulu,మాంత్రికులు,మాంత్రికులు
maantrikulu,మాంత్రికులు,మాంత్రికులు
maadhava,మాధవ,మాధవ
maadhavaa,మాధవా,మాధవా
maana,మాన,మాన
maanusha,మానుష,మానుష
maafia,మాఫియా,మాఫియా
mafia,మాఫియా,మాఫియా
maphia,మాఫియా,మాఫియా
maare,మారే,మారే
maargamlone,మార్గంలోనే,మార్గంలోనే
margamlone,మార్గంలోనే,మార్గంలోనే
maarchataaniki,మార్చటానికి,మార్చటానికి
maarchataniki,మార్చటానికి,మార్చటానికి
marchataniki,మార్చటానికి,మార్చటానికి
maarchadaaniki,మార్చడానికి,మార్చడానికి
maarchadaniki,మార్చడానికి,మార్చడానికి
marchadaniki,మార్చడానికి,మార్చడానికి
maarchaadu,మార్చాడు,మార్చాడు
marchadu,మార్చాడు,మార్చాడు
maarchaalani,మార్చాలని,మార్చాలని
marchalani,మార్చాలని,మార్చాలని
maarchae,మార్చే,మార్చే
maarche,మార్చే,మార్చే
marche,మార్చే,మార్చే
maarchaenduku,మార్చేందుకు,మార్చేందుకు
maarchenduku,మార్చేందుకు,మార్చేందుకు
marchenduku,మార్చేందుకు,మార్చేందుకు
maarch,మార్చ్,మార్చ్
march,మార్చ్,మార్చ్
maart,మార్ట్,మార్ట్
mart,మార్ట్,మార్ట్
maalaa,మాలా,మాలా
maali,మాలి,మాలి
mali,మాలి,మాలి
maasam,మాసం,మాసం
masam,మాసం,మాసం
maasamulu,మాసములు,మాసములు
mikkee,మిక్కీ,మిక్కీ
migitaa,మిగితా,మిగితా
migithaa,మిగితా,మిగితా
mishatho,మిషతో,మిషతో
mishathoo,మిషతో,మిషతో
mishato,మిషతో,మిషతో
meetarla,మీటర్ల,మీటర్ల
meetarlalo,మీటర్లలో,మీటర్లలో
meetarlaloo,మీటర్లలో,మీటర్లలో
miiruu,మీరూ,మీరూ
mukkalo,ముక్కలో,ముక్కలో
mukkaloo,ముక్కలో,ముక్కలో
muktyaala,ముక్త్యాల,ముక్త్యాల
muthyaala,ముత్యాల,ముత్యాల
muthyaalanu,ముత్యాలను,ముత్యాలను
muthyaalu,ముత్యాలు,ముత్యాలు
mutyaalu,ముత్యాలు,ముత్యాలు
munagaala,మునగాల,మునగాల
muppu,ముప్పు,ముప్పు
muppunu,ముప్పును,ముప్పును
muslim,ముస్లిం,ముస్లిం
muslimlu,ముస్లింలు,ముస్లింలు
murti,మూర్తి,మూర్తి
muurti,మూర్తి,మూర్తి
murtini,మూర్తిని,మూర్తిని
muurtini,మూర్తిని,మూర్తిని
muulamgaanae,మూలంగానే,మూలంగానే
muulamgaanee,మూలంగానే,మూలంగానే
muulangaane,మూలంగానే,మూలంగానే
moolaalaku,మూలాలకు,మూలాలకు
muulaalaku,మూలాలకు,మూలాలకు
moolaalanu,మూలాలను,మూలాలను
muulaalanu,మూలాలను,మూలాలను
moolika,మూలిక,మూలిక
muulika,మూలిక,మూలిక
moolikala,మూలికల,మూలికల
muulikala,మూలికల,మూలికల
moolikalanu,మూలికలను,మూలికలను
muulikalanu,మూలికలను,మూలికలను
moolikaa,మూలికా,మూలికా
muulikaa,మూలికా,మూలికా
muushaaru,మూశారు,మూశారు
muuseeki,మూసీకి,మూసీకి
muusiiki,మూసీకి,మూసీకి
mrhugaala,మృగాల,మృగాల
mrugaala,మృగాల,మృగాల
medicines,మెడిసిన్స్,మెడిసిన్స్
meeghamaa,మేఘమా,మేఘమా
maeta,మేత,మేత
meta,మేత,మేత
myne,మైన్,మైన్
mailuraayi,మైలురాయి,మైలురాయి
mailurayi,మైలురాయి,మైలురాయి
moddu,మొద్దు,మొద్దు
molakalu,మొలకలు,మొలకలు
mota,మోట,మోట
moetae,మోతే,మోతే
moesae,మోసే,మోసే
mosae,మోసే,మోసే
yajamaanulaku,యజమానులకు,యజమానులకు
yajamaanulu,యజమానులు,యజమానులు
yaantrika,యాంత్రిక,యాంత్రిక
yaantrikamaina,యాంత్రికమైన,యాంత్రికమైన
yaasid,యాసిడ్,యాసిడ్
yugamdhar,యుగంధర్,యుగంధర్
yugandhar,యుగంధర్,యుగంధర్
yuddha,యుద్ధ,యుద్ధ
yuddhaalu,యుద్ధాలు,యుద్ధాలు
yudhalu,యుద్ధాలు,యుద్ధాలు
yuvata,యువత,యువత
yuvataku,యువతకు,యువతకు
yuvathaku,యువతకు,యువతకు
yuvatanu,యువతను,యువతను
yuvathanu,యువతను,యువతను
yuvataloe,యువతలో,యువతలో
yuvataloo,యువతలో,యువతలో
yuvathalo,యువతలో,యువతలో
yuvathulu,యువతులు,యువతులు
yuvatulu,యువతులు,యువతులు
yuvar,యువర్,యువర్
yetara,యేతర,యేతర
yogulu,యోగులు,యోగులు
rangamma,రంగమ్మ,రంగమ్మ
rangaallo,రంగాల్లో,రంగాల్లో
rangaalloo,రంగాల్లో,రంగాల్లో
ramdani,రండని,రండని
randani,రండని,రండని
rakaallo,రకాల్లో,రకాల్లో
rakalloo,రకాల్లో,రకాల్లో
raktamu,రక్తము,రక్తము
raktamunu,రక్తమును,రక్తమును
raktaaniki,రక్తానికి,రక్తానికి
raktaniki,రక్తానికి,రక్తానికి
rakthaniki,రక్తానికి,రక్తానికి
raktaanni,రక్తాన్ని,రక్తాన్ని
raktanni,రక్తాన్ని,రక్తాన్ని
rakthanni,రక్తాన్ని,రక్తాన్ని
rakshanaga,రక్షణగా,రక్షణగా
rakshanagaa,రక్షణగా,రక్షణగా
rakshanhagaa,రక్షణగా,రక్షణగా
rakshinchataaniki,రక్షించటానికి,రక్షించటానికి
rakshinchataniki,రక్షించటానికి,రక్షించటానికి
rakshinchadam,రక్షించడం,రక్షించడం
rakshinchadaniki,రక్షించడానికి,రక్షించడానికి
rakshinchamani,రక్షించమని,రక్షించమని
rakshincharu,రక్షించారు,రక్షించారు
rakshinchharu,రక్షించారు,రక్షించారు
rakshinchaali,రక్షించాలి,రక్షించాలి
rakshinchali,రక్షించాలి,రక్షించాలి
rakshinche,రక్షించే,రక్షించే
rachanala,రచనల,రచనల
rachanalathoo,రచనలతో,రచనలతో
rachanalanu,రచనలను,రచనలను
rachanalapai,రచనలపై,రచనలపై
rachanalapy,రచనలపై,రచనలపై
rattayya,రత్తయ్య,రత్తయ్య
rathna,రత్న,రత్న
rathnaaniki,రత్నానికి,రత్నానికి
rathnaalu,రత్నాలు,రత్నాలు
rubbar,రబ్బర్,రబ్బర్
ruubber,రబ్బర్,రబ్బర్
ravivarma,రవివర్మ,రవివర్మ
rahasya,రహస్య,రహస్య
rahasyamgaa,రహస్యంగా,రహస్యంగా
rahasyanga,రహస్యంగా,రహస్యంగా
rahasyamu,రహస్యము,రహస్యము
rahasyamugaa,రహస్యముగా,రహస్యముగా
raajamaatha,రాజమాత,రాజమాత
raajayyanu,రాజయ్యను,రాజయ్యను
rajayyanu,రాజయ్యను,రాజయ్యను
raajayyaadu,రాజయ్యాడు,రాజయ్యాడు
rajayyaadu,రాజయ్యాడు,రాజయ్యాడు
rajayyadu,రాజయ్యాడు,రాజయ్యాడు
raajyamu,రాజ్యము,రాజ్యము
rajyamu,రాజ్యము,రాజ్యము
raajyamunu,రాజ్యమును,రాజ్యమును
rajyamunu,రాజ్యమును,రాజ్యమును
raajyaaniki,రాజ్యానికి,రాజ్యానికి
rajyaniki,రాజ్యానికి,రాజ్యానికి
raadu,రాడు,రాడు
radu,రాడు,రాడు
raadha,రాధ,రాధ
radha,రాధ,రాధ
raadhaku,రాధకు,రాధకు
raadhatho,రాధతో,రాధతో
radhatho,రాధతో,రాధతో
radhato,రాధతో,రాధతో
raapid,రాపిడ్,రాపిడ్
rapid,రాపిడ్,రాపిడ్
raamasya,రామస్య,రామస్య
raayi,రాయి,రాయి
rayi,రాయి,రాయి
raayigaa,రాయిగా,రాయిగా
rayiga,రాయిగా,రాయిగా
raayitho,రాయితో,రాయితో
raayitoo,రాయితో,రాయితో
raalla,రాళ్ళ,రాళ్ళ
raallatho,రాళ్ళతో,రాళ్ళతో
raallato,రాళ్ళతో,రాళ్ళతో
rallatho,రాళ్ళతో,రాళ్ళతో
rallato,రాళ్ళతో,రాళ్ళతో
raallapalli,రాళ్ళపల్లి,రాళ్ళపల్లి
raavutho,రావుతో,రావుతో
raavuto,రావుతో,రావుతో
ravutho,రావుతో,రావుతో
ravuto,రావుతో,రావుతో
raavo,రావో,రావో
ravo,రావో,రావో
raasulu,రాశులు,రాశులు
raashtramloni,రాష్ట్రంలోని,రాష్ట్రంలోని
rashtramloni,రాష్ట్రంలోని,రాష్ట్రంలోని
rashtramlone,రాష్ట్రంలోనే,రాష్ట్రంలోనే
raasi,రాసి,రాసి
raasindi,రాసింది,రాసింది
raasenduku,రాసేందుకు,రాసేందుకు
rasenduku,రాసేందుకు,రాసేందుకు
raahu,రాహు,రాహు
rahu,రాహు,రాహు
richaa,రిచా,రిచా
rijarveshan,రిజర్వేషన్,రిజర్వేషన్
runaalanu,రుణాలను,రుణాలను
runalanu,రుణాలను,రుణాలను
rudhraa,రుద్రా,రుద్రా
rudraa,రుద్రా,రుద్రా
rudhruni,రుద్రుని,రుద్రుని
rudruni,రుద్రుని,రుద్రుని
rudhruniki,రుద్రునికి,రుద్రునికి
rudruniki,రుద్రునికి,రుద్రునికి
rudhrulaku,రుద్రులకు,రుద్రులకు
rudrulaku,రుద్రులకు,రుద్రులకు
roopamai,రూపమై,రూపమై
rupamai,రూపమై,రూపమై
remdu,రెండు,రెండు
remduna,రెండున,రెండున
renduna,రెండున,రెండున
remdunu,రెండును,రెండును
rendunu,రెండును,రెండును
rendaellu,రెండేళ్ళు,రెండేళ్ళు
renge,రేంజ్,రేంజ్
raetlanu,రేట్లను,రేట్లను
royyala,రొయ్యల,రొయ్యల
roganni,రోగాన్ని,రోగాన్ని
roogaanni,రోగాన్ని,రోగాన్ని
rooganni,రోగాన్ని,రోగాన్ని
roogaalu,రోగాలు,రోగాలు
rojuluga,రోజులుగా,రోజులుగా
rojulugaa,రోజులుగా,రోజులుగా
roojulugaa,రోజులుగా,రోజులుగా
roadlu,రోడ్లు,రోడ్లు
roodlu,రోడ్లు,రోడ్లు
roods,రోడ్స్,రోడ్స్
roling,రోలింగ్,రోలింగ్
ryaaleelu,ర్యాలీలు,ర్యాలీలు
ryalilu,ర్యాలీలు,ర్యాలీలు
ryaaleeloo,ర్యాలీలో,ర్యాలీలో
lakshaku,లక్షకు,లక్షకు
lakshanamulanu,లక్షణములను,లక్షణములను
lakshanhamulanu,లక్షణములను,లక్షణములను
laagadam,లాగడం,లాగడం
linkan,లింకన్,లింకన్
lingamu,లింగము,లింగము
lingamunu,లింగమును,లింగమును
lingamulu,లింగములు,లింగములు
lipiki,లిపికి,లిపికి
lekkana,లెక్కన,లెక్కన
lekkalu,లెక్కలు,లెక్కలు
lekkallo,లెక్కల్లో,లెక్కల్లో
lekkalloo,లెక్కల్లో,లెక్కల్లో
ledane,లేదనే,లేదనే
ledhane,లేదనే,లేదనే
laedhuraa,లేదురా,లేదురా
leduraa,లేదురా,లేదురా
leedhuraa,లేదురా,లేదురా
laedho,లేదో,లేదో
laenatuvanti,లేనటువంటి,లేనటువంటి
leenatuvamti,లేనటువంటి,లేనటువంటి
laen,లేన్,లేన్
layn,లేన్,లేన్
len,లేన్,లేన్
leamu,లేము,లేము
lemu,లేము,లేము
lerani,లేరని,లేరని
laeraa,లేరా,లేరా
leara,లేరా,లేరా
leraa,లేరా,లేరా
lokamu,లోకము,లోకము
lokamulaku,లోకములకు,లోకములకు
lokamulu,లోకములు,లోకములు
loegaan,లోగాన్,లోగాన్
logaan,లోగాన్,లోగాన్
loehamtoe,లోహంతో,లోహంతో
lohamtho,లోహంతో,లోహంతో
lohamthoo,లోహంతో,లోహంతో
lohamtoe,లోహంతో,లోహంతో
loehit,లోహిత్,లోహిత్
lohit,లోహిత్,లోహిత్
lohith,లోహిత్,లోహిత్
loehiyaa,లోహియా,లోహియా
lohiyaa,లోహియా,లోహియా
vamtakaalanu,వంటకాలను,వంటకాలను
vantakaalanu,వంటకాలను,వంటకాలను
vamtakaalu,వంటకాలు,వంటకాలు
vantakaalu,వంటకాలు,వంటకాలు
vaktalu,వక్తలు,వక్తలు
vaddagala,వద్దగల,వద్దగల
vaddhe,వద్దే,వద్దే
vannela,వన్నెల,వన్నెల
vayasuloenuu,వయసులోనూ,వయసులోనూ
varavararaavu,వరవరరావు,వరవరరావు
varasa,వరస,వరస
varasaku,వరసకు,వరసకు
varasaga,వరసగా,వరసగా
varasagaa,వరసగా,వరసగా
varasalo,వరసలో,వరసలో
varasaloe,వరసలో,వరసలో
varasaloo,వరసలో,వరసలో
vargiikaranaku,వర్గీకరణకు,వర్గీకరణకు
vargiikaranhaku,వర్గీకరణకు,వర్గీకరణకు
vargiikaranaloo,వర్గీకరణలో,వర్గీకరణలో
vargiikaranhalo,వర్గీకరణలో,వర్గీకరణలో
vargiikaranhaloe,వర్గీకరణలో,వర్గీకరణలో
varnamaala,వర్ణమాల,వర్ణమాల
varnhamaala,వర్ణమాల,వర్ణమాల
varnhincha,వర్ణించ,వర్ణించ
varnincha,వర్ణించ,వర్ణించ
varninchadam,వర్ణించడం,వర్ణించడం
varninchaaru,వర్ణించారు,వర్ణించారు
varnincharu,వర్ణించారు,వర్ణించారు
varninchina,వర్ణించిన,వర్ణించిన
varnhimchaemduku,వర్ణించేందుకు,వర్ణించేందుకు
varninchendhuku,వర్ణించేందుకు,వర్ణించేందుకు
varninchenduku,వర్ణించేందుకు,వర్ణించేందుకు
vartamaanam,వర్తమానం,వర్తమానం
varthamaanam,వర్తమానం,వర్తమానం
vartamaanaaniki,వర్తమానానికి,వర్తమానానికి
varthamaanaaniki,వర్తమానానికి,వర్తమానానికి
vartamaanaalu,వర్తమానాలు,వర్తమానాలు
valachi,వలచి,వలచి
valasi,వలసి,వలసి
vasantha,వసంత,వసంత
vasudaeva,వసుదేవ,వసుదేవ
vasudeva,వసుదేవ,వసుదేవ
vasudaevudi,వసుదేవుడి,వసుదేవుడి
vasudevudi,వసుదేవుడి,వసుదేవుడి
vahinchaga,వహించగా,వహించగా
vahinchagaa,వహించగా,వహించగా
vahinchadaaniki,వహించడానికి,వహించడానికి
vahinchadaniki,వహించడానికి,వహించడానికి
vahimchaadu,వహించాడు,వహించాడు
vahinchaadu,వహించాడు,వహించాడు
vahinchadu,వహించాడు,వహించాడు
vahimchaaru,వహించారు,వహించారు
vahinchaaru,వహించారు,వహించారు
vahincharu,వహించారు,వహించారు
vahimchaalani,వహించాలని,వహించాలని
vahinchaalani,వహించాలని,వహించాలని
vahimchimdhi,వహించింది,వహించింది
vahinchimdi,వహించింది,వహించింది
vahinchindi,వహించింది,వహించింది
vahimchina,వహించిన,వహించిన
vahinchina,వహించిన,వహించిన
vahimchinaa,వహించినా,వహించినా
vahinchinaa,వహించినా,వహించినా
vahimchuta,వహించుట,వహించుట
vahinchuta,వహించుట,వహించుట
vahisthondhi,వహిస్తోంది,వహిస్తోంది
vahistondhi,వహిస్తోంది,వహిస్తోంది
vahistoondi,వహిస్తోంది,వహిస్తోంది
vaanthulanu,వాంతులను,వాంతులను
vaantulanu,వాంతులను,వాంతులను
vaakyaalu,వాక్యాలు,వాక్యాలు
vaakyaalugaa,వాక్యాలుగా,వాక్యాలుగా
vaadini,వాడిని,వాడిని
vadini,వాడిని,వాడిని
vaadiyaa,వాడియా,వాడియా
vaadaina,వాడైన,వాడైన
vadaina,వాడైన,వాడైన
vaayis,వాయిస్,వాయిస్
vaayisthoo,వాయిస్తూ,వాయిస్తూ
vaayisthuu,వాయిస్తూ,వాయిస్తూ
vaayistoo,వాయిస్తూ,వాయిస్తూ
vaayuvula,వాయువుల,వాయువుల
vayuvula,వాయువుల,వాయువుల
vaarasuraaligaa,వారసురాలిగా,వారసురాలిగా
varasuraaligaa,వారసురాలిగా,వారసురాలిగా
vaarikee,వారికీ,వారికీ
vaariyar,వారియర్,వారియర్
warior,వారియర్,వారియర్
vaartathoo,వార్తతో,వార్తతో
vaartato,వార్తతో,వార్తతో
vaarthatho,వార్తతో,వార్తతో
vaartanu,వార్తను,వార్తను
vaarthanu,వార్తను,వార్తను
vaartala,వార్తల,వార్తల
vaarthala,వార్తల,వార్తల
vaartalanu,వార్తలను,వార్తలను
vaarthalanu,వార్తలను,వార్తలను
vaasudeeva,వాసుదేవ,వాసుదేవ
vaasudeva,వాసుదేవ,వాసుదేవ
vaasudheva,వాసుదేవ,వాసుదేవ
vaasudeevaraavu,వాసుదేవరావు,వాసుదేవరావు
vaasudevaraavu,వాసుదేవరావు,వాసుదేవరావు
vaasudhevaraavu,వాసుదేవరావు,వాసుదేవరావు
vikkee,విక్కీ,విక్కీ
victoria,విక్టోరియా,విక్టోరియా
viktooriyaa,విక్టోరియా,విక్టోరియా
viktoria,విక్టోరియా,విక్టోరియా
vijayamga,విజయంగా,విజయంగా
vijayamgaa,విజయంగా,విజయంగా
vijayangaa,విజయంగా,విజయంగా
vijayamu,విజయము,విజయము
vijayamulu,విజయములు,విజయములు
vijayaaniki,విజయానికి,విజయానికి
vijayaniki,విజయానికి,విజయానికి
vijayaanni,విజయాన్ని,విజయాన్ని
vijayanni,విజయాన్ని,విజయాన్ని
vijayaala,విజయాల,విజయాల
vijayala,విజయాల,విజయాల
vijayaalatho,విజయాలతో,విజయాలతో
vijayaalathoo,విజయాలతో,విజయాలతో
vijayaalato,విజయాలతో,విజయాలతో
vijayalato,విజయాలతో,విజయాలతో
vijayaalanu,విజయాలను,విజయాలను
vijayalanu,విజయాలను,విజయాలను
vijayudu,విజయుడు,విజయుడు
vittanam,విత్తనం,విత్తనం
vitthanam,విత్తనం,విత్తనం
vittananni,విత్తనాన్ని,విత్తనాన్ని
videeha,విదేహ,విదేహ
videha,విదేహ,విదేహ
vidvaamsudu,విద్వాంసుడు,విద్వాంసుడు
vidvaansudu,విద్వాంసుడు,విద్వాంసుడు
vidhaalaa,విధాలా,విధాలా
vidhaalaina,విధాలైన,విధాలైన
vidhalaina,విధాలైన,విధాలైన
vinayak,వినాయక్,వినాయక్
vinikidi,వినికిడి,వినికిడి
vinimaya,వినిమయ,వినిమయ
vinobaa,వినోబా,వినోబా
vinyaasam,విన్యాసం,విన్యాసం
vinyasam,విన్యాసం,విన్యాసం
vinyaasamlo,విన్యాసంలో,విన్యాసంలో
vinyaasanlo,విన్యాసంలో,విన్యాసంలో
vinyasamlo,విన్యాసంలో,విన్యాసంలో
vinyasanlo,విన్యాసంలో,విన్యాసంలో
vinyaasaaniki,విన్యాసానికి,విన్యాసానికి
vinyaasaniki,విన్యాసానికి,విన్యాసానికి
vinyasaniki,విన్యాసానికి,విన్యాసానికి
vinyaasaalanu,విన్యాసాలను,విన్యాసాలను
vinyaasalanu,విన్యాసాలను,విన్యాసాలను
vipruni,విప్రుని,విప్రుని
viprulu,విప్రులు,విప్రులు
vibhoodhi,విభూది,విభూది
vibhoodi,విభూది,విభూది
vimukthi,విముక్తి,విముక్తి
vimukti,విముక్తి,విముక్తి
virakthi,విరక్తి,విరక్తి
virakti,విరక్తి,విరక్తి
viramana,విరమణ,విరమణ
viramanha,విరమణ,విరమణ
viraalaala,విరాళాల,విరాళాల
viraalhaala,విరాళాల,విరాళాల
viraalhaalanu,విరాళాలను,విరాళాలను
viraalhaalu,విరాళాలు,విరాళాలు
virigi,విరిగి,విరిగి
virigina,విరిగిన,విరిగిన
vivarana,వివరణ,వివరణ
vivaranha,వివరణ,వివరణ
vivarananu,వివరణను,వివరణను
vivaranhanu,వివరణను,వివరణను
vivaranala,వివరణల,వివరణల
vivaranhala,వివరణల,వివరణల
vivaranalato,వివరణలతో,వివరణలతో
vivaranhalatoe,వివరణలతో,వివరణలతో
vivaranalu,వివరణలు,వివరణలు
vivaranhalu,వివరణలు,వివరణలు
vivaranalo,వివరణలో,వివరణలో
vivaranhaloe,వివరణలో,వివరణలో
vivaraalu,వివరాలు,వివరాలు
vivaralu,వివరాలు,వివరాలు
vishwasaneeya,విశ్వసనీయ,విశ్వసనీయ
visvasaniiyata,విశ్వసనీయత,విశ్వసనీయత
viswasaniiyata,విశ్వసనీయత,విశ్వసనీయత
vishvaasa,విశ్వాస,విశ్వాస
viswaasa,విశ్వాస,విశ్వాస
vishvaasaanni,విశ్వాసాన్ని,విశ్వాసాన్ని
vishvaasaala,విశ్వాసాల,విశ్వాసాల
vishnhuvu,విష్ణువు,విష్ణువు
vishnuvu,విష్ణువు,విష్ణువు
vishnuvuku,విష్ణువుకు,విష్ణువుకు
vishnhuvunu,విష్ణువును,విష్ణువును
vishnuvunu,విష్ణువును,విష్ణువును
visugu,విసుగు,విసుగు
viskii,విస్కీ,విస్కీ
whiiskey,విస్కీ,విస్కీ
whiisky,విస్కీ,విస్కీ
whiskei,విస్కీ,విస్కీ
whiskey,విస్కీ,విస్కీ
whiski,విస్కీ,విస్కీ
whisky,విస్కీ,విస్కీ
whisqey,విస్కీ,విస్కీ
whisqy,విస్కీ,విస్కీ
vistarimpa,విస్తరింప,విస్తరింప
vistarinpa,విస్తరింప,విస్తరింప
vistharimpa,విస్తరింప,విస్తరింప
veeriddarinee,వీరిద్దరినీ,వీరిద్దరినీ
veeriddharinee,వీరిద్దరినీ,వీరిద్దరినీ
veer,వీర్,వీర్
viir,వీర్,వీర్
veellhu,వీళ్ళు,వీళ్ళు
veellu,వీళ్ళు,వీళ్ళు
viilhlhu,వీళ్ళు,వీళ్ళు
weavar,వీవర్,వీవర్
vumtaayi,వుంటాయి,వుంటాయి
vuntaayi,వుంటాయి,వుంటాయి
vrutthaakaaramloo,వృత్తాకారంలో,వృత్తాకారంలో
vennumuka,వెన్నుముక,వెన్నుముక
veluvarinchina,వెలువరించిన,వెలువరించిన
velhtaaru,వెళ్తారు,వెళ్తారు
veltaaru,వెళ్తారు,వెళ్తారు
veltharu,వెళ్తారు,వెళ్తారు
velhtundagaa,వెళ్తుండగా,వెళ్తుండగా
velthundaga,వెళ్తుండగా,వెళ్తుండగా
vellaaka,వెళ్ళాక,వెళ్ళాక
vaenkatasaastri,వేంకటశాస్త్రి,వేంకటశాస్త్రి
vaetakai,వేటకై,వేటకై
vaethanam,వేతనం,వేతనం
vetanam,వేతనం,వేతనం
vaedamu,వేదము,వేదము
vedamu,వేదము,వేదము
vaedamunu,వేదమును,వేదమును
vedamunu,వేదమును,వేదమును
wayne,వేన్,వేన్
vaemula,వేముల,వేముల
vemula,వేముల,వేముల
vaerlanu,వేర్లను,వేర్లను
verlanu,వేర్లను,వేర్లను
veasadu,వేసాడు,వేసాడు
vesaaraa,వేసారా,వేసారా
vesaru,వేసారు,వేసారు
vaidhyam,వైద్యం,వైద్యం
vaidyam,వైద్యం,వైద్యం
vydyam,వైద్యం,వైద్యం
vaidhyamlo,వైద్యంలో,వైద్యంలో
vaidyamlo,వైద్యంలో,వైద్యంలో
vydyamlo,వైద్యంలో,వైద్యంలో
vaivaswata,వైవస్వత,వైవస్వత
vaivaswatha,వైవస్వత,వైవస్వత
vyaktula,వ్యక్తుల,వ్యక్తుల
vyaktulaki,వ్యక్తులకి,వ్యక్తులకి
vyaktulatho,వ్యక్తులతో,వ్యక్తులతో
vyaktulato,వ్యక్తులతో,వ్యక్తులతో
vyakthulanu,వ్యక్తులను,వ్యక్తులను
vyaktulanu,వ్యక్తులను,వ్యక్తులను
vyaktulae,వ్యక్తులే,వ్యక్తులే
vyaktule,వ్యక్తులే,వ్యక్తులే
vyatyaasam,వ్యత్యాసం,వ్యత్యాసం
vyatyaasaalanu,వ్యత్యాసాలను,వ్యత్యాసాలను
vyatyaasaalu,వ్యత్యాసాలు,వ్యత్యాసాలు
vyavaharinchae,వ్యవహరించే,వ్యవహరించే
vyavaharinche,వ్యవహరించే,వ్యవహరించే
vyavaharinchaevaru,వ్యవహరించేవారు,వ్యవహరించేవారు
vyavaharinchevaaru,వ్యవహరించేవారు,వ్యవహరించేవారు
vyaan,వ్యాన్,వ్యాన్
vyaas,వ్యాస్,వ్యాస్
vyas,వ్యాస్,వ్యాస్
vraasimdi,వ్రాసింది,వ్రాసింది
vraasindi,వ్రాసింది,వ్రాసింది
vraasenu,వ్రాసెను,వ్రాసెను
vrelaade,వ్రేలాడే,వ్రేలాడే
satakam,శతకం,శతకం
shathakam,శతకం,శతకం
sabdam,శబ్దం,శబ్దం
shabdam,శబ్దం,శబ్దం
sareeramloki,శరీరంలోకి,శరీరంలోకి
sariiramloeki,శరీరంలోకి,శరీరంలోకి
sastravetta,శాస్త్రవేత్త,శాస్త్రవేత్త
shaastraveettha,శాస్త్రవేత్త,శాస్త్రవేత్త
shaastravetta,శాస్త్రవేత్త,శాస్త్రవేత్త
sastravettagaa,శాస్త్రవేత్తగా,శాస్త్రవేత్తగా
shaasthravetthagaa,శాస్త్రవేత్తగా,శాస్త్రవేత్తగా
shaastraveetthagaa,శాస్త్రవేత్తగా,శాస్త్రవేత్తగా
shaastravettagaa,శాస్త్రవేత్తగా,శాస్త్రవేత్తగా
sastravettalu,శాస్త్రవేత్తలు,శాస్త్రవేత్తలు
shaastraveetthalu,శాస్త్రవేత్తలు,శాస్త్రవేత్తలు
shaastravettalu,శాస్త్రవేత్తలు,శాస్త్రవేత్తలు
sastraalaku,శాస్త్రాలకు,శాస్త్రాలకు
shaasthraalaku,శాస్త్రాలకు,శాస్త్రాలకు
shaastraalaku,శాస్త్రాలకు,శాస్త్రాలకు
saastraalanu,శాస్త్రాలను,శాస్త్రాలను
shaasthraalanu,శాస్త్రాలను,శాస్త్రాలను
shaastraalanu,శాస్త్రాలను,శాస్త్రాలను
sikshanhaku,శిక్షణకు,శిక్షణకు
sikshanhaa,శిక్షణా,శిక్షణా
sikshnhaa,శిక్షణా,శిక్షణా
shikharaagra,శిఖరాగ్ర,శిఖరాగ్ర
shivasenaku,శివసేనకు,శివసేనకు
sivasaenaku,శివసేనకు,శివసేనకు
sivasenaku,శివసేనకు,శివసేనకు
shivaa,శివా,శివా
sivaa,శివా,శివా
shivunipai,శివునిపై,శివునిపై
sheenu,శీను,శీను
sheershika,శీర్షిక,శీర్షిక
sheershikaku,శీర్షికకు,శీర్షికకు
sheershikatho,శీర్షికతో,శీర్షికతో
sheershikathoo,శీర్షికతో,శీర్షికతో
sheershikana,శీర్షికన,శీర్షికన
sheershikanu,శీర్షికను,శీర్షికను
sheershikalo,శీర్షికలో,శీర్షికలో
sheershikaloo,శీర్షికలో,శీర్షికలో
shuddhiga,శుద్ధిగా,శుద్ధిగా
saekhara,శేఖర,శేఖర
shekhara,శేఖర,శేఖర
sheshayya,శేషయ్య,శేషయ్య
sobha,శోభ,శోభ
shobhan,శోభన్,శోభన్
shourya,శౌర్య,శౌర్య
shreevaaru,శ్రీవారు,శ్రీవారు
sreevaaru,శ్రీవారు,శ్రీవారు
srivaaru,శ్రీవారు,శ్రీవారు
shelley,షెల్లీ,షెల్లీ
shelly,షెల్లీ,షెల్లీ
sankshaemam,సంక్షేమం,సంక్షేమం
sankshemam,సంక్షేమం,సంక్షేమం
sankshobha,సంక్షోభ,సంక్షోభ
sankshoebha,సంక్షోభ,సంక్షోభ
samchaara,సంచార,సంచార
sanchaara,సంచార,సంచార
samchaaramu,సంచారము,సంచారము
sanchaaramu,సంచారము,సంచారము
samchaari,సంచారి,సంచారి
sanchaari,సంచారి,సంచారి
samchikaku,సంచికకు,సంచికకు
sanchikaku,సంచికకు,సంచికకు
samchikanu,సంచికను,సంచికను
sanchikanu,సంచికను,సంచికను
samchikaloo,సంచికలో,సంచికలో
sanchikalo,సంచికలో,సంచికలో
sanchikaloo,సంచికలో,సంచికలో
santhaanamga,సంతానంగా,సంతానంగా
santhanamga,సంతానంగా,సంతానంగా
santhushtudai,సంతుష్టుడై,సంతుష్టుడై
sandarbhamuga,సందర్భముగా,సందర్భముగా
sandharbhamugaa,సందర్భముగా,సందర్భముగా
sandarbhamuna,సందర్భమున,సందర్భమున
sandharbhamuna,సందర్భమున,సందర్భమున
sandarbhamulalo,సందర్భములలో,సందర్భములలో
sandharbhamulalo,సందర్భములలో,సందర్భములలో
sandarbhamulo,సందర్భములో,సందర్భములో
sandharbhamulo,సందర్భములో,సందర్భములో
sandhaana,సంధాన,సంధాన
sampadana,సంపాదన,సంపాదన
samputalu,సంపుటాలు,సంపుటాలు
sampuutaalu,సంపుటాలు,సంపుటాలు
sambhaashanala,సంభాషణల,సంభాషణల
sambhaashanhala,సంభాషణల,సంభాషణల
sambhashanala,సంభాషణల,సంభాషణల
sambhaashanhalaku,సంభాషణలకు,సంభాషణలకు
sambhashanalaku,సంభాషణలకు,సంభాషణలకు
sambhaashanalalo,సంభాషణలలో,సంభాషణలలో
sambhaashanhalaloo,సంభాషణలలో,సంభాషణలలో
sambhashanalalo,సంభాషణలలో,సంభాషణలలో
samrakshinche,సంరక్షించే,సంరక్షించే
samrakshinchee,సంరక్షించే,సంరక్షించే
sakramamga,సక్రమంగా,సక్రమంగా
sakramamgaa,సక్రమంగా,సక్రమంగా
sachivaalayam,సచివాలయం,సచివాలయం
sathyamgaa,సత్యంగా,సత్యంగా
satyangaa,సత్యంగా,సత్యంగా
sathyamunaku,సత్యమునకు,సత్యమునకు
satyamunaku,సత్యమునకు,సత్యమునకు
sathyamoorthi,సత్యమూర్తి,సత్యమూర్తి
sathyamuurthi,సత్యమూర్తి,సత్యమూర్తి
satyamoorti,సత్యమూర్తి,సత్యమూర్తి
sathyaagraha,సత్యాగ్రహ,సత్యాగ్రహ
satyaagraha,సత్యాగ్రహ,సత్యాగ్రహ
sathyaagraham,సత్యాగ్రహం,సత్యాగ్రహం
satyaagraham,సత్యాగ్రహం,సత్యాగ్రహం
satyaanni,సత్యాన్ని,సత్యాన్ని
satyanni,సత్యాన్ని,సత్యాన్ని
satyaalu,సత్యాలు,సత్యాలు
sadaananda,సదానంద,సదానంద
sadhaanamdha,సదానంద,సదానంద
sadhaanandha,సదానంద,సదానంద
sannaahaalu,సన్నాహాలు,సన్నాహాలు
sanniveesha,సన్నివేశ,సన్నివేశ
sannivesha,సన్నివేశ,సన్నివేశ
sanniveesham,సన్నివేశం,సన్నివేశం
sannivesham,సన్నివేశం,సన్నివేశం
sanniveshamto,సన్నివేశంతో,సన్నివేశంతో
sanniveeshaanni,సన్నివేశాన్ని,సన్నివేశాన్ని
sanniveshaanni,సన్నివేశాన్ని,సన్నివేశాన్ని
sanniveshaallo,సన్నివేశాల్లో,సన్నివేశాల్లో
sabhalanu,సభలను,సభలను
sabhalloo,సభల్లో,సభల్లో
sabhyudigaa,సభ్యుడిగా,సభ్యుడిగా
sabhyuni,సభ్యుని,సభ్యుని
sabhyunigaa,సభ్యునిగా,సభ్యునిగా
samakuurchaadu,సమకూర్చాడు,సమకూర్చాడు
samakuurchadu,సమకూర్చాడు,సమకూర్చాడు
samakuurchindi,సమకూర్చింది,సమకూర్చింది
samarpana,సమర్పణ,సమర్పణ
samarpanalu,సమర్పణలు,సమర్పణలు
samaachaaramthoo,సమాచారంతో,సమాచారంతో
samaachaaramto,సమాచారంతో,సమాచారంతో
samaachaaramlo,సమాచారంలో,సమాచారంలో
samaachaaramloo,సమాచారంలో,సమాచారంలో
samaacharamlo,సమాచారంలో,సమాచారంలో
samaachaaramloni,సమాచారంలోని,సమాచారంలోని
samaachaaramlooni,సమాచారంలోని,సమాచారంలోని
samaacharamloni,సమాచారంలోని,సమాచారంలోని
samaajamae,సమాజమే,సమాజమే
samajame,సమాజమే,సమాజమే
samaadhula,సమాధుల,సమాధుల
samaadhulanu,సమాధులను,సమాధులను
samaasa,సమాస,సమాస
samithiki,సమితికి,సమితికి
samitiki,సమితికి,సమితికి
samithini,సమితిని,సమితిని
samitini,సమితిని,సమితిని
samithiloo,సమితిలో,సమితిలో
samitilo,సమితిలో,సమితిలో
samudaayaaniki,సముదాయానికి,సముదాయానికి
samudaayaala,సముదాయాల,సముదాయాల
samudaayaalaku,సముదాయాలకు,సముదాయాలకు
samudaayaalu,సముదాయాలు,సముదాయాలు
samudramu,సముద్రము,సముద్రము
samudramulo,సముద్రములో,సముద్రములో
samudramuloo,సముద్రములో,సముద్రములో
saralata,సరళత,సరళత
saralatha,సరళత,సరళత
saraasari,సరాసరి,సరాసరి
sarita,సరిత,సరిత
saritha,సరిత,సరిత
saripadani,సరిపడని,సరిపడని
sarihaddulaku,సరిహద్దులకు,సరిహద్దులకు
sarihaddulalo,సరిహద్దులలో,సరిహద్దులలో
sarihaddulaloo,సరిహద్దులలో,సరిహద్దులలో
surjery,సర్జరీ,సర్జరీ
sarpam,సర్పం,సర్పం
sarpanchi,సర్పంచి,సర్పంచి
sarpanchigaa,సర్పంచిగా,సర్పంచిగా
sarvamunu,సర్వమును,సర్వమును
sarvooththama,సర్వోత్తమ,సర్వోత్తమ
sarvottama,సర్వోత్తమ,సర్వోత్తమ
sarvotthama,సర్వోత్తమ,సర్వోత్తమ
saangs,సాంగ్స్,సాంగ్స్
songs,సాంగ్స్,సాంగ్స్
saanghika,సాంఘిక,సాంఘిక
saanthvana,సాంత్వన,సాంత్వన
saantvana,సాంత్వన,సాంత్వన
saakshyam,సాక్ష్యం,సాక్ష్యం
sakshyam,సాక్ష్యం,సాక్ష్యం
saagadaaniki,సాగడానికి,సాగడానికి
saagaalani,సాగాలని,సాగాలని
saagutunna,సాగుతున్న,సాగుతున్న
sagutunna,సాగుతున్న,సాగుతున్న
saadhimchina,సాధించిన,సాధించిన
saadhinchina,సాధించిన,సాధించిన
sadhinchina,సాధించిన,సాధించిన
saamudrikam,సాముద్రికం,సాముద్రికం
saamraajyamu,సామ్రాజ్యము,సామ్రాజ్యము
saayamthram,సాయంత్రం,సాయంత్రం
saayantram,సాయంత్రం,సాయంత్రం
saayamthramu,సాయంత్రము,సాయంత్రము
saayantramu,సాయంత్రము,సాయంత్రము
saayamthraaniki,సాయంత్రానికి,సాయంత్రానికి
saayantraaniki,సాయంత్రానికి,సాయంత్రానికి
saaradhyamloo,సారధ్యంలో,సారధ్యంలో
saaramu,సారము,సారము
saarimchaadu,సారించాడు,సారించాడు
saarinchaadu,సారించాడు,సారించాడు
saarimchaaru,సారించారు,సారించారు
saarinchaaru,సారించారు,సారించారు
saarimchimdhi,సారించింది,సారించింది
saarinchindi,సారించింది,సారించింది
saalid,సాలిడ్,సాలిడ్
saavadhaanamgaa,సావధానంగా,సావధానంగా
saavadhaanangaa,సావధానంగా,సావధానంగా
saasar,సాసర్,సాసర్
saucer,సాసర్,సాసర్
saahasi,సాహసి,సాహసి
simgana,సింగన,సింగన
singana,సింగన,సింగన
sing,సింగ్,సింగ్
singh,సింగ్,సింగ్
siddantamu,సిద్ధాంతము,సిద్ధాంతము
siddhaamtamu,సిద్ధాంతము,సిద్ధాంతము
siddhaantamu,సిద్ధాంతము,సిద్ధాంతము
siddhaamtamunu,సిద్ధాంతమును,సిద్ధాంతమును
siddhaantamunu,సిద్ధాంతమును,సిద్ధాంతమును
sira,సిరా,సిరా
siraa,సిరా,సిరా
seejanlo,సీజన్లో,సీజన్లో
siijanloo,సీజన్లో,సీజన్లో
suprabhaatha,సుప్రభాత,సుప్రభాత
subbanna,సుబ్బన్న,సుబ్బన్న
subbaraaju,సుబ్బరాజు,సుబ్బరాజు
subbaraju,సుబ్బరాజు,సుబ్బరాజు
surabhi,సురభి,సురభి
sulabha,సులభ,సులభ
sultaanu,సుల్తాను,సుల్తాను
sulthaanu,సుల్తాను,సుల్తాను
sultaanulu,సుల్తానులు,సుల్తానులు
sookti,సూక్తి,సూక్తి
suukti,సూక్తి,సూక్తి
suchinche,సూచించే,సూచించే
suuchimchae,సూచించే,సూచించే
suuchinchae,సూచించే,సూచించే
sens,సెన్స్,సెన్స్
septembar,సెప్టెంబర్,సెప్టెంబర్
september,సెప్టెంబర్,సెప్టెంబర్
saekarinchaaru,సేకరించారు,సేకరించారు
sekarinchaaru,సేకరించారు,సేకరించారు
saekarinchina,సేకరించిన,సేకరించిన
sekarinchina,సేకరించిన,సేకరించిన
saen,సేన్,సేన్
sevalandincharu,సేవలందించారు,సేవలందించారు
sevalandinche,సేవలందించే,సేవలందించే
cycle,సైకిల్,సైకిల్
cyqil,సైకిల్,సైకిల్
saikil,సైకిల్,సైకిల్
saiqil,సైకిల్,సైకిల్
saikils,సైకిల్స్,సైకిల్స్
sainik,సైనిక్,సైనిక్
sainyamunu,సైన్యమును,సైన్యమును
sainyaaniki,సైన్యానికి,సైన్యానికి
sainyaniki,సైన్యానికి,సైన్యానికి
sainyaanni,సైన్యాన్ని,సైన్యాన్ని
sainyanni,సైన్యాన్ని,సైన్యాన్ని
sainyaalaku,సైన్యాలకు,సైన్యాలకు
sainyaalato,సైన్యాలతో,సైన్యాలతో
sainyaalatoo,సైన్యాలతో,సైన్యాలతో
sainyaalanu,సైన్యాలను,సైన్యాలను
soap,సోప్,సోప్
sop,సోప్,సోప్
sope,సోప్,సోప్
sofhiya,సోఫియా,సోఫియా
sofia,సోఫియా,సోఫియా
sofiaa,సోఫియా,సోఫియా
sofiya,సోఫియా,సోఫియా
sophia,సోఫియా,సోఫియా
sophiaa,సోఫియా,సోఫియా
soomavaaram,సోమవారం,సోమవారం
soomavaaramu,సోమవారము,సోమవారము
soeshal,సోషల్,సోషల్
staatistics,స్టాటిస్టిక్స్,స్టాటిస్టిక్స్
staitistics,స్టాటిస్టిక్స్,స్టాటిస్టిక్స్
statistics,స్టాటిస్టిక్స్,స్టాటిస్టిక్స్
stetistics,స్టాటిస్టిక్స్,స్టాటిస్టిక్స్
staanlee,స్టాన్లీ,స్టాన్లీ
staanlii,స్టాన్లీ,స్టాన్లీ
stanlee,స్టాన్లీ,స్టాన్లీ
students,స్టూడెంట్స్,స్టూడెంట్స్
stuudents,స్టూడెంట్స్,స్టూడెంట్స్
staets,స్టేట్స్,స్టేట్స్
striki,స్త్రీకి,స్త్రీకి
strilantaa,స్త్రీలంతా,స్త్రీలంతా
sdhala,స్థల,స్థల
sthala,స్థల,స్థల
sdhalamunaku,స్థలమునకు,స్థలమునకు
sthalamunaku,స్థలమునకు,స్థలమునకు
sdhalaaniki,స్థలానికి,స్థలానికి
sthalaaniki,స్థలానికి,స్థలానికి
sdhalaanni,స్థలాన్ని,స్థలాన్ని
sthalaanni,స్థలాన్ని,స్థలాన్ని
sthithulalo,స్థితులలో,స్థితులలో
sthithulaloo,స్థితులలో,స్థితులలో
sthirapaddaadu,స్థిరపడ్డాడు,స్థిరపడ్డాడు
sthirapaddadu,స్థిరపడ్డాడు,స్థిరపడ్డాడు
swaramunu,స్వరమును,స్వరమును
svaramulu,స్వరములు,స్వరములు
swaramulu,స్వరములు,స్వరములు
svaraanni,స్వరాన్ని,స్వరాన్ని
swaraanni,స్వరాన్ని,స్వరాన్ని
swaranni,స్వరాన్ని,స్వరాన్ని
svaraalu,స్వరాలు,స్వరాలు
swaraalu,స్వరాలు,స్వరాలు
swaralu,స్వరాలు,స్వరాలు
svargamlaa,స్వర్గంలా,స్వర్గంలా
swargamlaa,స్వర్గంలా,స్వర్గంలా
svasthalam,స్వస్థలం,స్వస్థలం
swasdhalam,స్వస్థలం,స్వస్థలం
hakkulu,హక్కులు,హక్కులు
halvaa,హల్వా,హల్వా
halwaa,హల్వా,హల్వా
haastal,హాస్టల్,హాస్టల్
hip,హిప్,హిప్
heetar,హీటర్,హీటర్
hrudayam,హృదయం,హృదయం
hrudayamthoo,హృదయంతో,హృదయంతో
hrudayamto,హృదయంతో,హృదయంతో
hrudayamtoo,హృదయంతో,హృదయంతో
hrudayamlo,హృదయంలో,హృదయంలో
hrudayamloo,హృదయంలో,హృదయంలో
henree,హెన్రీ,హెన్రీ
henri,హెన్రీ,హెన్రీ
henrii,హెన్రీ,హెన్రీ
henry,హెన్రీ,హెన్రీ
haethuvulu,హేతువులు,హేతువులు
haetuvulu,హేతువులు,హేతువులు
hethuvulu,హేతువులు,హేతువులు
hetuvulu,హేతువులు,హేతువులు
hyderaabaadee,హైదరాబాదీ,హైదరాబాదీ
haiskoolulo,హైస్కూలులో,హైస్కూలులో
